{"type":"FeatureCollection","features":[{"type":"Feature","id":0,"geometry":{"type":"Polygon","coordinates":[[[-78.689151450921756,-1.618984878403124],[-78.689176785385783,-1.6189319204120172],[-78.689847994377132,-1.619621028879757],[-78.689794464575627,-1.6196918317450475],[-78.689691340926245,-1.6197885808157855],[-78.689548303892295,-1.6199259642775945],[-78.689526963304175,-1.6199479310215417],[-78.689455569571706,-1.6200285722013554],[-78.689384158886881,-1.6201241616426165],[-78.689330573076262,-1.6202197724408838],[-78.689306687325754,-1.6203243857645206],[-78.689315403599707,-1.6204978008284772],[-78.68932706000416,-1.6206981272794272],[-78.689353483340113,-1.6209762043401152],[-78.689400597047708,-1.6213469871195225],[-78.689456794092195,-1.621568292917055],[-78.689527936947044,-1.6217088927726842],[-78.68954272762258,-1.6217657152710097],[-78.68949181124718,-1.6221274161086694],[-78.689440911734067,-1.6224741686452888],[-78.689386972656251,-1.6228807117287052],[-78.68934504016481,-1.6231796383640347],[-78.689311979748865,-1.623514451626368],[-78.689255117218906,-1.6238791358694193],[-78.689207272826621,-1.6241511476319472],[-78.689177356143574,-1.6243334875668314],[-78.689177121639815,-1.6245397801927688],[-78.689182839544756,-1.6247371094329772],[-78.689224170774537,-1.6249673675478999],[-78.689289178242319,-1.6252783760588245],[-78.689360159111786,-1.6255611690745],[-78.689417521224925,-1.6257662281475778],[-78.689598058847636,-1.6257819665800488],[-78.689807191529837,-1.625801342125373],[-78.690030578401846,-1.6258255170569973],[-78.690163654883108,-1.6258448049775198],[-78.69025873633008,-1.6258353466999547],[-78.690410870647042,-1.6258163881440124],[-78.690591525077039,-1.6257974615080049],[-78.690848225850814,-1.6257881901887301],[-78.691038349865067,-1.6258027598455158],[-78.691176174813705,-1.6258268361659933],[-78.691337723489568,-1.6258892091314938],[-78.691442273656747,-1.6259132471424145],[-78.691589632547164,-1.6259134167623122],[-78.691808337501129,-1.6258754000365507],[-78.69213632930358,-1.6258757774934871],[-78.692687742915666,-1.6258716280479364],[-78.693191626788064,-1.6258626407831784],[-78.693743072497966,-1.6258297894727716],[-78.693956981373049,-1.6258300354343005],[-78.694189898297495,-1.6258350871294391],[-78.694332492796917,-1.625844817965443],[-78.694399058859332,-1.6258305436815514],[-78.694453734963389,-1.6258210396304231],[-78.694512339020889,-1.6257825410619993],[-78.694598807521317,-1.6257416780442158],[-78.694699857073672,-1.6257089071017852],[-78.697421637241149,-1.6274277926160254],[-78.696398917296236,-1.630655007309892],[-78.695707453805596,-1.6328369112278922],[-78.694288091263999,-1.6373156460470921],[-78.692998396390436,-1.641385158092848],[-78.690978961955679,-1.6477571776688713],[-78.690578279232085,-1.6490214551447675],[-78.692247340071802,-1.6490600567384923],[-78.692233705441666,-1.6493757589597717],[-78.692136730462352,-1.6499963182162938],[-78.692936162895435,-1.6501763033764478],[-78.692400087675509,-1.6507355641459609],[-78.694844951836203,-1.6533309314548343],[-78.693839755096562,-1.6543204424050757],[-78.694713834024981,-1.6553514596155918],[-78.695206860783159,-1.6558884359961294],[-78.696270564033483,-1.6555075699827022],[-78.696463962544883,-1.6559051951531141],[-78.696522317088707,-1.6560460931518119],[-78.69661946725823,-1.6561605686503003],[-78.6967026714306,-1.6562902681971108],[-78.696996969244978,-1.6566589510644758],[-78.697258025727947,-1.6569988934763693],[-78.697504848216624,-1.6573149015625566],[-78.697827629130174,-1.6577171036542706],[-78.697727499446245,-1.6579800854597018],[-78.697684373281319,-1.6582766195505707],[-78.6975372479898,-1.6588028214817265],[-78.69722419790763,-1.6588503174199352],[-78.696881556096088,-1.6589873160376516],[-78.696324342248531,-1.6589889148950823],[-78.696060527350753,-1.6589790387718601],[-78.695966486851759,-1.6589705151191216],[-78.695816940369909,-1.6589486160695728],[-78.695596403970299,-1.6589215696475128],[-78.695342393176148,-1.6589018559868205],[-78.695249625157217,-1.6587191768594138],[-78.694848639433431,-1.6587354494778304],[-78.693301325366079,-1.6624312430229566],[-78.693250016747655,-1.6624043948409133],[-78.693120781486556,-1.6623506662716074],[-78.693031504421398,-1.662272109692237],[-78.692827516637692,-1.6621239350923869],[-78.69267071384472,-1.6620663475412607],[-78.692524607330967,-1.6620087725699821],[-78.692378438336192,-1.6620050127367654],[-78.692214464003555,-1.6619832932475309],[-78.692155292858956,-1.6619762177555244],[-78.692103734920437,-1.6619575738666927],[-78.692088703291518,-1.661930576718901],[-78.692043526446199,-1.6618180577618042],[-78.692000864983029,-1.6617139642076182],[-78.691954642267746,-1.6616062794536492],[-78.691908444551174,-1.6614770672113546],[-78.691855087733387,-1.6613729610967873],[-78.691780318491823,-1.6612867685064237],[-78.691659297377868,-1.6611180047976404],[-78.691584866755051,-1.6610218064039768],[-78.691950376784106,-1.6604690952163066],[-78.690744790658286,-1.658893873870348],[-78.690579716656501,-1.6589926401024004],[-78.690422722803845,-1.6591000868174313],[-78.690203913606183,-1.6592242035522025],[-78.690039798152355,-1.6593244659797204],[-78.689899470612431,-1.6594080136331251],[-78.689771054629148,-1.6594676576373837],[-78.689625972311276,-1.6595512005545749],[-78.689440427318843,-1.6596849221427648],[-78.689319085690371,-1.6597924105348345],[-78.689195279105903,-1.6599764336414891],[-78.689052387513811,-1.6602202282900478],[-78.688968986091098,-1.6604042988543541],[-78.688909332757802,-1.6606051391288026],[-78.68887348867095,-1.6607701309927272],[-78.688830614736375,-1.6608490100886129],[-78.688713990696328,-1.6609875972830672],[-78.688523583152062,-1.6612145930709608],[-78.688399805991963,-1.6613723063870538],[-78.688333189461943,-1.6614296308979224],[-78.688259467154182,-1.6614654204673431],[-78.688112028102381,-1.6615322175198357],[-78.68793843340832,-1.6616085505901301],[-78.687764305954644,-1.6616316654964289],[-78.687588774174614,-1.6616712312223745],[-78.686222633654396,-1.6620390369696612],[-78.685873330011006,-1.6623041245638908],[-78.685557833330762,-1.6627265664150868],[-78.685452352227415,-1.6628678030029325],[-78.685232035342224,-1.6630651533634042],[-78.684345243359957,-1.6634305802354366],[-78.683768332045119,-1.6639427586223448],[-78.683647969014885,-1.6640496160388192],[-78.683630254750113,-1.664058449590659],[-78.683505157344328,-1.6641255117693614],[-78.683379114491913,-1.6641875484863755],[-78.683243573184527,-1.6642423999641349],[-78.683031992193889,-1.6642828099112692],[-78.682858455303801,-1.6643089141306053],[-78.68265881677803,-1.6642991111982308],[-78.682456784589874,-1.6643036551948873],[-78.682185825024618,-1.6643081185345077],[-78.682074108080798,-1.6643151621628742],[-78.681912455945024,-1.6643412803368525],[-78.681681879236564,-1.6643649250056249],[-78.681458456607359,-1.6643694444793293],[-78.681197004041721,-1.6643739189165858],[-78.680567587527079,-1.6643979419916459],[-78.680285322655791,-1.6644296439013651],[-78.680248592557405,-1.6644657143539536],[-78.680083095000796,-1.664601613241482],[-78.679986725729137,-1.6646947779287991],[-78.679885602092128,-1.6647891338342515],[-78.679818940700216,-1.6648847265084745],[-78.679797908821612,-1.6649082954263286],[-78.679740412849782,-1.6649647575916642],[-78.679867858148967,-1.6649562086849714],[-78.679911581612174,-1.6649639144650861],[-78.679993343080838,-1.6649640113190833],[-78.680073198356112,-1.6649679324524169],[-78.680139739798491,-1.6649756652575611],[-78.680206262441885,-1.6649987051071047],[-78.680306966842181,-1.6650600535686788],[-78.680417169117831,-1.6651290672709833],[-78.680500755354018,-1.6651942229100343],[-78.680593842600786,-1.6652651300720704],[-78.680631811246116,-1.6653168374323601],[-78.680646973098078,-1.6653589509719864],[-78.680656426201836,-1.6654048842924172],[-78.680658256301768,-1.6654661156564354],[-78.680652473687431,-1.6655330791716298],[-78.680633356178404,-1.6656210742265118],[-78.680614217174863,-1.6657282028679481],[-78.680606476852958,-1.6658429990004737],[-78.680608221851273,-1.6659769408898735],[-78.680606158910194,-1.6661147057128662],[-78.680602262311467,-1.6661950648068786],[-78.680605964089466,-1.6662811731710512],[-78.680600190391303,-1.6663404827022228],[-78.680611498159436,-1.666426600081901],[-78.680630378326569,-1.6665414277648676],[-78.680653058797418,-1.666658173678754],[-78.680691004123972,-1.6667290155688952],[-78.682866512227136,-1.669367976576845],[-78.683405055868178,-1.6697421500384566],[-78.683444280612235,-1.6696924740206172],[-78.683480369837909,-1.6696699778801656],[-78.683540224251061,-1.6696580051404728],[-78.683615459628172,-1.669652932645266],[-78.683730580799661,-1.6696864857330576],[-78.683921372922683,-1.6697634093577365],[-78.684087131332888,-1.6698375877374148],[-78.684220423042433,-1.6698962442302543],[-78.684319556898913,-1.6699221695484141],[-78.684452903038775,-1.6699343714175277],[-78.684593096123905,-1.6699396993890354],[-78.684695686160509,-1.6699346592988478],[-78.684779498177463,-1.6699055094498125],[-78.684880447216713,-1.6698419698557678],[-78.684976299099603,-1.6697508952552178],[-78.685041412739196,-1.6696288156020287],[-78.685073654162508,-1.6695306208486478],[-78.68510794906166,-1.6694777695302001],[-78.685135647733304,-1.6694585954593144],[-78.685238263956748,-1.6694311881151784],[-78.685325462740138,-1.669429571171541],[-78.685405809676439,-1.6694382686729234],[-78.685486116134641,-1.6694830982793119],[-78.685605721305919,-1.6695486195940383],[-78.685682591788705,-1.6696072082591555],[-78.685771435678532,-1.6696606502820215],[-78.685839764956683,-1.6697123468169501],[-78.68586362900092,-1.6697743141405399],[-78.68586867986329,-1.669841420909814],[-78.685877169847927,-1.6698913262635138],[-78.685890823444566,-1.6699119884914808],[-78.685923288209764,-1.6699292324561861],[-78.685952352107023,-1.6699309871764882],[-78.68599682540632,-1.669913834385832],[-78.686111465231704,-1.6698399874193381],[-78.686214335311888,-1.669763827662277],[-78.686295754941597,-1.6697133707191143],[-78.686392242614289,-1.6696777867603836],[-78.686445463504683,-1.6696700412066379],[-78.686516406397402,-1.6696745873026411],[-78.686589541138346,-1.6697014471867453],[-78.686609774149673,-1.6697212376370154],[-78.686626065447001,-1.6697516913170534],[-78.686626051093086,-1.669763961959811],[-78.686605902278004,-1.6698088868177574],[-78.686567968155956,-1.6698388079975262],[-78.686492665081559,-1.6699023781394666],[-78.68644985698117,-1.6699573844752238],[-78.686446402868981,-1.6699866296398618],[-78.686456617353343,-1.6700244932969142],[-78.68653174641733,-1.6701088877235009],[-78.686858075214445,-1.6703088556647341],[-78.686915970818731,-1.6703396434041939],[-78.686963448193126,-1.6703615932164084],[-78.687009936361861,-1.6703852151291207],[-78.687055436222124,-1.6704105100475948],[-78.687099945977153,-1.6704374779698443],[-78.687138117534644,-1.6704618575119559],[-78.687162349940934,-1.6704792833742719],[-78.687187911876393,-1.6705020687190804],[-78.687245125086974,-1.6705610011655896],[-78.687292171657234,-1.6706018274452146],[-78.687411434181939,-1.6706947481486083],[-78.687463730622483,-1.6707393376075708],[-78.687537828486938,-1.6708106900099706],[-78.687611726043244,-1.670888174801801],[-78.68762862031403,-1.6709084856268666],[-78.687677945402825,-1.6709743368762113],[-78.687695821008063,-1.6709927966037328],[-78.68771384030569,-1.6710066832503947],[-78.687751191561418,-1.6710273627346752],[-78.687785612664058,-1.6710394590416198],[-78.687815382561354,-1.6710428634614245],[-78.687869386856448,-1.6710412785835185],[-78.687902428137562,-1.6710395612924207],[-78.687977917133153,-1.6710321738855702],[-78.68801301837803,-1.6710311252686996],[-78.688052387701291,-1.6710330079023297],[-78.688093178260942,-1.6710371133065893],[-78.688135348740971,-1.6710434360087032],[-78.688178839861067,-1.6710519687067464],[-78.688227174366304,-1.6710646428672269],[-78.688312154252785,-1.6710916985245061],[-78.688432974380902,-1.6711302817520264],[-78.688530917067254,-1.671164219424861],[-78.688581142563677,-1.6711837941242622],[-78.688699535948174,-1.6712334826299813],[-78.688759915685679,-1.6712556791596551],[-78.688820158721967,-1.6712741728090117],[-78.688885685036169,-1.6712916792376973],[-78.688958003304023,-1.6713086278167339],[-78.689043651495652,-1.6713265567345155],[-78.689160879668947,-1.6713479509624525],[-78.689267586121687,-1.6713629533083314],[-78.689386946292885,-1.6713702976174092],[-78.689435125338676,-1.6713769157940945],[-78.689486069650613,-1.6713894782304068],[-78.689537675553083,-1.6714062865607553],[-78.689565321854516,-1.6714181506494172],[-78.689625687315271,-1.6714487569246228],[-78.689653039916678,-1.6714598115996553],[-78.689702388062472,-1.671473023917843],[-78.689776424627155,-1.67148633959827],[-78.68980707465596,-1.6714922825288736],[-78.689823649967565,-1.6714934746249444],[-78.689839193336468,-1.6714921677893408],[-78.689882947637997,-1.671488488856145],[-78.689919240523736,-1.6714801726849655],[-78.68994929688786,-1.6714683416674443],[-78.689967904186503,-1.6714572546317197],[-78.689992543925811,-1.6714390658022482],[-78.690006178099637,-1.6714272298016286],[-78.690020019686088,-1.6714124054726345],[-78.690073216249829,-1.6713449435052465],[-78.690086277957533,-1.671331771639162],[-78.690099338467633,-1.6713211607602805],[-78.690125026256737,-1.6713039865328057],[-78.690147288984974,-1.6712919898906908],[-78.690178564496307,-1.6712800500208342],[-78.690211695532085,-1.6712722996044866],[-78.6902823699902,-1.6712592456555149],[-78.690353491971095,-1.6712514371532239],[-78.690403391386667,-1.6712487887846372],[-78.690444027489065,-1.6712490710171521],[-78.690512225658793,-1.6712549119333584],[-78.690540173797828,-1.6712598780604546],[-78.690565399981267,-1.6712664193235813],[-78.69059242627479,-1.6712761420329372],[-78.690620815948435,-1.6712891713256697],[-78.690651041290238,-1.6713057030217595],[-78.690685011810018,-1.6713267798684786],[-78.690711549726814,-1.6713454632053593],[-78.690751633960531,-1.6713767541862337],[-78.690855825419888,-1.6714646246455147],[-78.690906166830445,-1.6715027121803481],[-78.690928880109809,-1.6715233526416953],[-78.69095042755265,-1.6715453730131327],[-78.691059782645368,-1.6715663257496953],[-78.691163232857591,-1.6715813223661653],[-78.691263838198125,-1.6715954622500802],[-78.691294139500727,-1.6715977463235536],[-78.691321370169533,-1.6715978716609927],[-78.691334826878986,-1.6715972267731136],[-78.691358633382492,-1.6715971509887932],[-78.691381976119729,-1.6715949683688238],[-78.691399137480659,-1.671591271489238],[-78.691417673004977,-1.6715847295848141],[-78.691478234685391,-1.6715551396750137],[-78.691501638990857,-1.6715456267055362],[-78.691549907827238,-1.6715308259140094],[-78.691600815995628,-1.6715121275447316],[-78.691652506191929,-1.6714891678050645],[-78.691705461059783,-1.671461736636763],[-78.691760586651583,-1.6714293677504468],[-78.691812101162512,-1.671396082466073],[-78.691868620854109,-1.6713568738553799],[-78.692068337856654,-1.6712096998186834],[-78.692129723717258,-1.6711666748881788],[-78.692161467459698,-1.6711407391035022],[-78.6921873926225,-1.6711157004217494],[-78.692205864207025,-1.6710946810859988],[-78.692216055641154,-1.6710800883385672],[-78.69222583893287,-1.6710626791912571],[-78.692261737310545,-1.6709852898041591],[-78.692317075981734,-1.6708858299767078],[-78.692359985644174,-1.6708154520498757],[-78.692402344205163,-1.6707546710885677],[-78.692445075292781,-1.6707025878154205],[-78.692477908713741,-1.6706658560847942],[-78.692499853784312,-1.6706458750027449],[-78.692520495072444,-1.6706315522371196],[-78.692545087760806,-1.6706175008180111],[-78.692568101781134,-1.6706060293170375],[-78.692585395782061,-1.6705995220749259],[-78.692605515046182,-1.6705952880821602],[-78.692633277112151,-1.6705926957230275],[-78.692661131872256,-1.6705922694244955],[-78.692694825330136,-1.6705944896677369],[-78.69272490325686,-1.6705972968439575],[-78.692742690596035,-1.6706014282959427],[-78.692780280976265,-1.6706221188771471],[-78.692803628941135,-1.6706308572893962],[-78.692824719204438,-1.6706359355034133],[-78.692843947282782,-1.6706379045144004],[-78.692864041182077,-1.6706377031728741],[-78.692884180413316,-1.6706348369322384],[-78.692913635143569,-1.6706274382652955],[-78.69294519323357,-1.6706181681193739],[-78.692970079858853,-1.6706085791159508],[-78.692990991172067,-1.6705968845484143],[-78.693012121072996,-1.6705803186544528],[-78.693031309434176,-1.6705616712957441],[-78.693078756894224,-1.670510963997405],[-78.693107001641664,-1.6704865825031399],[-78.693145685870505,-1.6704598213952357],[-78.693180578227825,-1.6704384950927265],[-78.693226490401713,-1.6704140033926067],[-78.693262692298404,-1.6703990191973543],[-78.69329772661996,-1.6703899854705415],[-78.693358460111753,-1.6703802064873425],[-78.693425153539948,-1.6703700286530969],[-78.693476451068904,-1.6703648615050848],[-78.693517182268479,-1.6703637715087414],[-78.693562753758712,-1.6703656504995277],[-78.693729090117571,-1.6703823248882834],[-78.693990196490034,-1.670409298249568],[-78.694052776621618,-1.6704136715359486],[-78.694108924384366,-1.6704152918130997],[-78.694222445660458,-1.6704220132584171],[-78.694263967682488,-1.6704222268275477],[-78.694286678560829,-1.6704203588941808],[-78.694307340465187,-1.6704168649788731],[-78.694326348735927,-1.6704116777495175],[-78.694343894781866,-1.6704047404809459],[-78.69437794405313,-1.6703869016297703],[-78.694403124592327,-1.670368712403663],[-78.694423986058126,-1.6703489288656055],[-78.694435450570495,-1.6703326525488322],[-78.694441458917552,-1.6703130828893202],[-78.694444479554363,-1.6702803223303064],[-78.694445096777287,-1.6702517561472963],[-78.694442755963564,-1.6702207583604411],[-78.69443418807019,-1.6701804358201999],[-78.694412387208814,-1.6701160398329316],[-78.694391918595784,-1.6700654791421152],[-78.694385396441803,-1.670043422280179],[-78.694380676486361,-1.6700035056563527],[-78.69438225505057,-1.6699624917969531],[-78.694389999240471,-1.6699234125187821],[-78.694403461800505,-1.6698884856787026],[-78.694415686952013,-1.6698670150399524],[-78.694433749974863,-1.6698412013049078],[-78.694453357627424,-1.6698188851126741],[-78.694471102480023,-1.6698016869062766],[-78.694484414150295,-1.6697921601284862],[-78.694505391234458,-1.6697849213527221],[-78.694544727219522,-1.6697800952972603],[-78.694583341444343,-1.669777160434899],[-78.694626656940798,-1.6697785503747069],[-78.694670071010378,-1.6697832318493593],[-78.694764558642476,-1.6697968851243583],[-78.694853075742429,-1.669810013363962],[-78.694949176132653,-1.6698280727664097],[-78.695004441637224,-1.6698405904329194],[-78.695140613629604,-1.6698747528597557],[-78.695337296283924,-1.66992082080949],[-78.695400072841068,-1.6699332072184452],[-78.695456839949159,-1.6699422273139239],[-78.695612409486571,-1.6699578953242631],[-78.695712274247668,-1.6699725863704253],[-78.695754296279688,-1.6699769895672814],[-78.695816175699321,-1.6699798974951583],[-78.695865429312747,-1.6699788409971354],[-78.695899851746233,-1.6699753515400424],[-78.695937062955778,-1.6699692239182631],[-78.696028790146741,-1.6699474059063601],[-78.696076510801689,-1.6699336067771697],[-78.696108041079853,-1.6699220268199104],[-78.696138902405195,-1.6699086489429209],[-78.696169097472492,-1.6698934731492967],[-78.696198624484964,-1.6698764994368378],[-78.696286626611951,-1.6698374795257556],[-78.696372599524707,-1.6697945194368164],[-78.696445458353992,-1.6697549473884314],[-78.696496561177241,-1.6697234313332374],[-78.696543238835844,-1.6696927046614314],[-78.696567318084206,-1.6696713844584323],[-78.696576484867492,-1.6696595683823809],[-78.696585170602745,-1.6696450488117822],[-78.696615549131209,-1.6695811030115655],[-78.696651720371364,-1.6695153361734736],[-78.696675922252723,-1.6694805023771839],[-78.696698610724525,-1.6694554678439317],[-78.696723583140283,-1.6694323994669908],[-78.69675084129581,-1.669411298152373],[-78.696780383394682,-1.6693921638978759],[-78.69684415621245,-1.6693382338776541],[-78.696874069888352,-1.6693101225408076],[-78.69690577935954,-1.6692773415034592],[-78.697014379874759,-1.6691543516265643],[-78.69705985606177,-1.6691062153745964],[-78.697151712310642,-1.6690167446352471],[-78.697229307851785,-1.6689464053759222],[-78.697278941221242,-1.668903115771468],[-78.697309744501595,-1.6688793988470485],[-78.697342918932378,-1.6688583623321411],[-78.697391868631897,-1.6688313202195546],[-78.697482964729446,-1.6687844363812174],[-78.697517800909623,-1.6687697044318104],[-78.697550221707502,-1.6687586515846724],[-78.697601662078014,-1.6687458348627047],[-78.697654521172325,-1.6687374195276299],[-78.697705553392154,-1.6687248726132347],[-78.697756941770237,-1.6687150525491876],[-78.697823080899539,-1.6687057750789951],[-78.697881858455574,-1.6687009663947703],[-78.697935897786138,-1.6687004189586312],[-78.697985953470862,-1.6687041436042229],[-78.698050010602842,-1.6687131342116515],[-78.698072096749101,-1.6687185877841568],[-78.698091282340357,-1.6687254707638424],[-78.698123899869159,-1.6687414564728613],[-78.698147666193776,-1.6687582272668326],[-78.698166242180903,-1.6687771597149774],[-78.698180754233633,-1.668797563591889],[-78.698190573225133,-1.6688181517786425],[-78.698198280159033,-1.6688426842979573],[-78.698201838755125,-1.6688617039196412],[-78.698203399465868,-1.6688822778586172],[-78.698202941016376,-1.6689041611084836],[-78.698200472914507,-1.6689269025893099],[-78.698194870745425,-1.6689541160323489],[-78.698186734995119,-1.6689785033296061],[-78.698162748231439,-1.6690214878175393],[-78.698145599501785,-1.6690644812641868],[-78.698119594689501,-1.669113220883127],[-78.698111325649634,-1.669133262541129],[-78.698104454682905,-1.6691607836509037],[-78.698105113492574,-1.6691759343945056],[-78.698109541169572,-1.6691969212180189],[-78.698117114489847,-1.6692220167665306],[-78.698126584721706,-1.6692435528300569],[-78.698137743997066,-1.6692610627048172],[-78.698150485593402,-1.6692743934907006],[-78.698169061692155,-1.6692870522552494],[-78.698188076167796,-1.6692950840117537],[-78.698206451873617,-1.6692977642988014],[-78.698234237211807,-1.6692968586969208],[-78.698269722254452,-1.6692919529712233],[-78.698306065411913,-1.6692814588851539],[-78.698333398228968,-1.6692687719495363],[-78.698377921639874,-1.6692419713817379],[-78.698406659862073,-1.6692235141225638],[-78.698436767030572,-1.669201282508155],[-78.698574182350271,-1.669083589381682],[-78.698608866852965,-1.6690571767720523],[-78.698641464059236,-1.6690358168154915],[-78.698686483218324,-1.6690083496665342],[-78.698714021166268,-1.6689953926654117],[-78.698740264137029,-1.6689874919641032],[-78.698773179224744,-1.668980914426563],[-78.698815467010007,-1.6689762472109491],[-78.69886038281436,-1.6689758553480314],[-78.698891894125197,-1.6689782862270617],[-78.698924293713247,-1.6689831779098916],[-78.69895724476406,-1.6689904811844793],[-78.698990296434829,-1.6690000960810571],[-78.699034359306395,-1.6690170661564163],[-78.699083071987715,-1.669040921979968],[-78.699115094530583,-1.6690587339550433],[-78.699138330978585,-1.6690738651949273],[-78.699158590053017,-1.6690900478856963],[-78.699179261880559,-1.6691097304104829],[-78.699227760429181,-1.6691655474773113],[-78.69924835182124,-1.6691933721526035],[-78.699296033784108,-1.6692654194144565],[-78.699354963961397,-1.6693449496030317],[-78.699401881548326,-1.6694014672191448],[-78.69946186581457,-1.6694637062175339],[-78.699528261264575,-1.6695237741525177],[-78.699567488429551,-1.6695554591301067],[-78.699610645509182,-1.6695873693111194],[-78.699658405658639,-1.6696200117232867],[-78.69971276336922,-1.6696547528381591],[-78.699778930519059,-1.6696964071224916],[-78.699815874202486,-1.6697180063000461],[-78.699851844527501,-1.6697361501818242],[-78.699885339153482,-1.669749585874529],[-78.699938683411759,-1.6697651494367329],[-78.699993023665684,-1.669775521646593],[-78.700028110524855,-1.6697793488843786],[-78.700063470315584,-1.6697809969204207],[-78.700099103036706,-1.6697804666585307],[-78.7001350077919,-1.6697777562895115],[-78.700325594695926,-1.6697717332439328],[-78.700516217927571,-1.6697692547714276],[-78.700583092008273,-1.6697661903337386],[-78.70061644137111,-1.6697693727785201],[-78.700651422619842,-1.6697798306603024],[-78.700690092451893,-1.6697956508429521],[-78.70074355436347,-1.6698228597521283],[-78.700785863450648,-1.6698462940215344],[-78.700826885046482,-1.6698714380317774],[-78.700866383956694,-1.6698981477714179],[-78.70090415193458,-1.6699262810686966],[-78.700949610396748,-1.6699668560197594],[-78.700969058413008,-1.669981415104832],[-78.700987478223752,-1.6699917856896478],[-78.701008959487623,-1.6700014222217601],[-78.701071595588118,-1.6700228292699648],[-78.7011059901522,-1.6700325949086501],[-78.701144523032028,-1.6700410537272015],[-78.701251080575986,-1.6700574510330011],[-78.701360972832418,-1.6700706602654671],[-78.701402780826029,-1.6700731050621476],[-78.701440846473787,-1.6700731598175265],[-78.701501073328487,-1.6700674831342688],[-78.701628951987246,-1.6700458519736763],[-78.701782505590046,-1.6700282195463454],[-78.701847833272012,-1.670018581230474],[-78.701936384252008,-1.670003758727296],[-78.701963063179534,-1.6699972298528656],[-78.701986357713309,-1.6699894946849534],[-78.702028982357263,-1.6699717958606966],[-78.702056498586103,-1.6699551667577248],[-78.702077612741007,-1.669936728462891],[-78.702094157287576,-1.6699173591016594],[-78.702108158138486,-1.6698930346757557],[-78.702119867580819,-1.6698623316939276],[-78.702123946567411,-1.6698440514376214],[-78.702130204436415,-1.669795242302528],[-78.702141562334688,-1.669741599191898],[-78.702147273455637,-1.6697249724495646],[-78.702154238293872,-1.6697109642404986],[-78.702164231442296,-1.6696953676634609],[-78.702173075635628,-1.6696851783216122],[-78.702189022074535,-1.6696733828050321],[-78.702206498537379,-1.6696668512287656],[-78.702224221698614,-1.669665253029804],[-78.702243108665769,-1.6696694345203402],[-78.702273520440031,-1.6696835264805918],[-78.702298448571497,-1.6697001558246514],[-78.702342281883972,-1.6697369935662882],[-78.702397998811179,-1.6697841951023935],[-78.702521633669107,-1.6698964618722443],[-78.702581407163393,-1.6699454608057107],[-78.702659837706065,-1.6700071113758614],[-78.702697280581518,-1.6700344551085038],[-78.702736078216731,-1.6700586373647039],[-78.702772748829602,-1.6700764475849559],[-78.702824065342156,-1.6700954104516872],[-78.702866751689982,-1.6701058077756556],[-78.702907313917962,-1.6701119737211236],[-78.702935456417521,-1.6701137967361952],[-78.702960078236288,-1.6701118685579233],[-78.702981176067411,-1.6701059423923041],[-78.703002728804535,-1.6700950737274551],[-78.703020672557486,-1.6700698571585579],[-78.703033718094204,-1.6700435509390512],[-78.703043265465496,-1.6700118961968919],[-78.703049395181679,-1.6699775046629186],[-78.703057559782309,-1.6699089364477557],[-78.703060236322145,-1.6698760921033142],[-78.703061657042483,-1.6697991250910429],[-78.70306598896066,-1.6697626179052569],[-78.703073175679975,-1.6697308238808686],[-78.703085812259516,-1.6697023774242146],[-78.703101483139022,-1.6696811086248609],[-78.703111960411732,-1.6696725366282612],[-78.703125575244286,-1.6696649961616128],[-78.70317162113308,-1.6696485009108049],[-78.703192544166157,-1.6696422472840189],[-78.703216462660123,-1.6696371660426261],[-78.703296459734517,-1.6696262802147797],[-78.703358345100455,-1.6696166151716796],[-78.70339393050574,-1.6696143509293857],[-78.703426427351843,-1.669615274151012],[-78.703451412457852,-1.6696176765124777],[-78.703472965570896,-1.6696219533364078],[-78.703491369518943,-1.6696282297066047],[-78.703502497230957,-1.6696343149144606],[-78.703513713476966,-1.6696430661028983],[-78.703557846301734,-1.6696904691700298],[-78.703569150248356,-1.6697002835583148],[-78.703580185940211,-1.669707479666326],[-78.703604806611295,-1.6697196962558798],[-78.703624618577237,-1.6697264579187769],[-78.703650445947446,-1.6697291812840449],[-78.703693009117941,-1.6697265383340598],[-78.703748496811698,-1.6697197928888876],[-78.703802358554796,-1.6697068387101399],[-78.703854592551849,-1.6696876739871769],[-78.70390519970033,-1.6696622987205791],[-78.703954179098872,-1.6696307147168186],[-78.704001530747576,-1.669592921071487],[-78.704047255544808,-1.6695489168812545],[-78.704091353488465,-1.6694987030497868],[-78.704122223345323,-1.6694827124298521],[-78.704151201772447,-1.6694640121241908],[-78.704179171704638,-1.6694427071298379],[-78.704197645424514,-1.6694244817278914],[-78.704209820349547,-1.6694083326279745],[-78.704220883882215,-1.6693899990764105],[-78.704231391965266,-1.6693626204133498],[-78.704246208303587,-1.6692966489879597],[-78.704281626203851,-1.6691972196463625],[-78.704297652328378,-1.6691399813148899],[-78.704306751486612,-1.6690966373644698],[-78.704325365197207,-1.6689833056337757],[-78.70434173743881,-1.6689033792652272],[-78.704354639939268,-1.6688539884447813],[-78.704358696535891,-1.6688410444017974],[-78.704365555737752,-1.6688267060766955],[-78.704374814642392,-1.6688129111590146],[-78.704385104721212,-1.6688015311163507],[-78.704398210926527,-1.6687902655730695],[-78.704422317144534,-1.6687751438578313],[-78.70444851540671,-1.6687648085355042],[-78.704494427376588,-1.6687537930631511],[-78.704532011590516,-1.6687460926965809],[-78.704597699370126,-1.6687358471497873],[-78.704745489760285,-1.6687148690902205],[-78.704832890426999,-1.6687090315992517],[-78.704870237547155,-1.6687036044901937],[-78.704915252649158,-1.6686905630021593],[-78.704991323134237,-1.6686611170393448],[-78.705058730029137,-1.6686356384716328],[-78.705099297915041,-1.6686175980879292],[-78.705135673325458,-1.6685987617841342],[-78.705160866181657,-1.6685831603996049],[-78.705188233154971,-1.6685619965772669],[-78.705214376819541,-1.6685375480094486],[-78.705231278148247,-1.6685180316301484],[-78.705247909524076,-1.6684942580232225],[-78.70529925674812,-1.6684046827349757],[-78.705329342724227,-1.6683519518960397],[-78.705399709106658,-1.6682184159694511],[-78.705421029926498,-1.6681820913744232],[-78.705441764186162,-1.6681503737501027],[-78.705482121280653,-1.6680940769431145],[-78.705515514268015,-1.6680527303580692],[-78.705547669543208,-1.6680197487886272],[-78.705613698274703,-1.6679610367937521],[-78.705639712173266,-1.6679361505159913],[-78.705701758291966,-1.6678699596079349],[-78.70576093753246,-1.6678009322083496],[-78.705803992013912,-1.6678115468115098],[-78.705847202205334,-1.6678195788837065],[-78.705890566309975,-1.6678250284226053],[-78.70593408612433,-1.6678278954300529],[-78.706036682821008,-1.6678244956500461],[-78.706072924879081,-1.6678230538115824],[-78.706091019287058,-1.6678259262410806],[-78.706112015472598,-1.6678356263335059],[-78.70612631439765,-1.6678478407147037],[-78.706132911158164,-1.6678584107324936],[-78.706138141988163,-1.6678717128288232],[-78.706140616820093,-1.667888826550888],[-78.706139195911859,-1.6679157494726027],[-78.70613364447938,-1.6679465547266172],[-78.706116212135498,-1.6680010578300812],[-78.706094814641304,-1.6680678985234367],[-78.706080702990079,-1.6681250930973852],[-78.706077810316927,-1.6681452948955864],[-78.7060770444224,-1.6681635718720644],[-78.706078864256298,-1.6681939608961152],[-78.70608377489657,-1.6682168946844929],[-78.706094272182739,-1.6682414332923121],[-78.706108175104092,-1.6682620362867366],[-78.706126616828655,-1.6682799308148233],[-78.706146178153702,-1.6682921558960946],[-78.706158898874605,-1.6682964801688405],[-78.706173898159946,-1.6682989078218911],[-78.706211822861434,-1.6682981893555215],[-78.706231455831897,-1.6682951026517632],[-78.706250814815007,-1.6682896878387665],[-78.706269898015066,-1.6682819440103132],[-78.706288705430879,-1.6682718720703478],[-78.706319042911247,-1.6682393114119456],[-78.706351699410405,-1.668211804997888],[-78.70638667582628,-1.6681893537333223],[-78.706423972160465,-1.6681719567143976],[-78.706464047460315,-1.6681596135758789],[-78.706507340335776,-1.668152130473576],[-78.706539891139926,-1.6681491692073651],[-78.706561838575141,-1.6681504189665219],[-78.706583767559948,-1.6681559635856533],[-78.70660611651293,-1.6681634477674758],[-78.706630224684275,-1.6681737843105917],[-78.706700533598095,-1.6682107832571342],[-78.706764377589792,-1.6682420514249854],[-78.706781154273074,-1.6682533565864985],[-78.706794205423989,-1.6682655749328035],[-78.706805878508902,-1.6682809194868344],[-78.706820600310351,-1.6683049785183361],[-78.706842228395161,-1.6683469366277019],[-78.706858956030999,-1.6683912728248398],[-78.706870784115551,-1.6684379871105348],[-78.706877712648179,-1.6684870794844662],[-78.706885025232083,-1.6685016559522567],[-78.706894941217669,-1.6685107690137853],[-78.706901597853545,-1.6685130847246925],[-78.706910188915316,-1.6685135721142974],[-78.706932488878167,-1.6685090728771026],[-78.706939933387787,-1.6685051528469463],[-78.70695554629738,-1.6684928017938667],[-78.706963015169421,-1.6684895643087361],[-78.706975630552407,-1.6684894462224853],[-78.706996355009224,-1.6684941098428654],[-78.707031660343006,-1.6685064546448658],[-78.707050109720058,-1.6685154348870157],[-78.70706784729137,-1.6685270250335185],[-78.70708506156771,-1.6685413446330664],[-78.707102083714986,-1.668558667985002],[-78.707131225252525,-1.6685953582957134],[-78.707200763410583,-1.6686959596849034],[-78.707222778182114,-1.6687220675994607],[-78.707244562714038,-1.6687429790768455],[-78.707282083851609,-1.6687734904695537],[-78.707300794392836,-1.6687927702447924],[-78.70735034379274,-1.6688515230211507],[-78.70738482031706,-1.6688845123131903],[-78.707424692432809,-1.6689188639308072],[-78.707459594778783,-1.6689464170932327],[-78.707474013043509,-1.668961869740482],[-78.707485380931331,-1.6689770177781875],[-78.707505079288509,-1.6690183092084787],[-78.707523357044622,-1.6690536922634236],[-78.707536909837046,-1.6690749005425674],[-78.707556455746285,-1.6691004550348099],[-78.707571800687461,-1.6691131533916059],[-78.707597611638448,-1.6691223547168559],[-78.707622820928009,-1.6691259397130396],[-78.707659882980778,-1.6691254850984261],[-78.707728243896184,-1.6691163942686102],[-78.707751359277282,-1.6691136922258518],[-78.707763180799788,-1.6691149066027591],[-78.707772353379056,-1.6691190206030768],[-78.707784430987601,-1.6691271598904593],[-78.707793056253408,-1.6691353493670651],[-78.707809558196132,-1.6691566216770795],[-78.707817804544447,-1.6691638823053137],[-78.707839056504696,-1.6691746069382292],[-78.707868376969557,-1.6691840419954589],[-78.70789846420459,-1.6691883993018208],[-78.707926638019444,-1.669187308689962],[-78.707951448412445,-1.6691808525300824],[-78.707977285036804,-1.669167126732096],[-78.707997902266158,-1.6691643367802376],[-78.708022852805499,-1.6691671801925028],[-78.708042590109187,-1.6691733170747944],[-78.708059995584392,-1.6691815747086201],[-78.708077855064886,-1.6691934090844047],[-78.708096465813043,-1.6692088937747174],[-78.708119987583146,-1.669231489637744],[-78.708137903397756,-1.6692528549133596],[-78.708171624777776,-1.6693049511039433],[-78.708180687777926,-1.6693493732691149],[-78.708206689164271,-1.6693903873537987],[-78.708239378251562,-1.6694131160153645],[-78.708275005907581,-1.6694287571773239],[-78.708308480850789,-1.6694291607620559],[-78.708333370600229,-1.6694294295224132],[-78.708369326725048,-1.6694321683279694],[-78.70843228338606,-1.6694300020845936],[-78.70848861995384,-1.669443597388313],[-78.708526528433268,-1.6694840938984128],[-78.708537226815267,-1.6695506460206497],[-78.708547920783133,-1.6696000710195229],[-78.708566295633091,-1.6696307579495291],[-78.708598618280419,-1.6696689363923336],[-78.708654478410949,-1.6696921243556153],[-78.708685633455019,-1.6697169277042128],[-78.708725902664142,-1.6697815402005729],[-78.708784125541015,-1.6698286552120207],[-78.708833849369142,-1.6698485779754766],[-78.708897768129717,-1.6698526558654077],[-78.708980827032676,-1.669833226978759],[-78.709040776547809,-1.6698237113259362],[-78.709072183822897,-1.6698424952584301],[-78.709079030929473,-1.6698843502118774],[-78.709092397775336,-1.6699637286865467],[-78.709131542218955,-1.6699935115900228],[-78.709172235265285,-1.6700009142502741],[-78.709245415251544,-1.6699783676337865],[-78.709354416849322,-1.6699289184966277],[-78.709486368083518,-1.6698671069833813],[-78.709538788171727,-1.6698270210484258],[-78.709598599206331,-1.669812987937819],[-78.709630335489948,-1.6698184120788198],[-78.709689651442801,-1.6698331679854186],[-78.709745311911291,-1.6698224765994265],[-78.709803539837907,-1.6697815124460686],[-78.709859268803456,-1.6697644235446476],[-78.709959088575431,-1.6697692657927896],[-78.710086299166207,-1.6697836267044415],[-78.710167457995666,-1.669784502921092],[-78.710219284584966,-1.6697651132755256],[-78.710248112392847,-1.6697275959171571],[-78.710287734153198,-1.6696950876068788],[-78.710331118579418,-1.6696955561174363],[-78.71039288484809,-1.6697261483979708],[-78.71043840781131,-1.6697541181225115],[-78.710478957466833,-1.6697573784694111],[-78.7105483856934,-1.6697359203058115],[-78.710595312517569,-1.6697198651714702],[-78.710650169201685,-1.6697144358819622],[-78.710689924227438,-1.6697220164024469],[-78.710760211864795,-1.6697427253153865],[-78.710814064910863,-1.6697436833989858],[-78.710874840860725,-1.6697443404284695],[-78.710928493361308,-1.6697641168020472],[-78.71098278498259,-1.6697765597880472],[-78.711015130200536,-1.6697774736739919],[-78.711082147733705,-1.669754107934587],[-78.711167476932644,-1.6697322570567485],[-78.711258367098353,-1.6697326736474765],[-78.711335082699676,-1.6697468650216627],[-78.711415429732909,-1.6697537554389179],[-78.711501176259233,-1.6697454595830625],[-78.711565084252513,-1.6697154729049106],[-78.711607235592467,-1.6696737702205515],[-78.711680501046089,-1.6695906222058836],[-78.711760550115017,-1.6695553515654811],[-78.711838641557591,-1.6695458434902981],[-78.711892308904538,-1.6695466114801085],[-78.711962904322476,-1.6695560315827969],[-78.712023737132398,-1.6695689224510346],[-78.712113872999353,-1.6695698958753571],[-78.712166097439507,-1.6695832575847149],[-78.712227778381731,-1.669586746950414],[-78.71228842755103,-1.6695642523682375],[-78.712336412856487,-1.6695542316956575],[-78.712384135185715,-1.6695688627660989],[-78.712453383023643,-1.669599346262864],[-78.712525084363349,-1.6696102845572609],[-78.71259697616911,-1.669603344682191],[-78.712665194253958,-1.6696076570992433],[-78.712764412904789,-1.6696337596564705],[-78.712894547587538,-1.6696545503565181],[-78.712974119527914,-1.6696815700623366],[-78.713074257246063,-1.66970918879388],[-78.713151248859276,-1.6697326048473518],[-78.713207871202854,-1.6697369805149365],[-78.713251851836986,-1.6697517590697442],[-78.713304148790442,-1.6697933527578885],[-78.713332625159438,-1.6698414644164201],[-78.713361840454155,-1.6698728339646942],[-78.713389239404037,-1.6698815986839199],[-78.713437230794156,-1.6698710129945014],[-78.713487785988846,-1.6698480337571815],[-78.71354726528611,-1.6698475465350491],[-78.713613004645893,-1.6698738521539318],[-78.713659153192907,-1.669913308825038],[-78.713690996709275,-1.6699612689471415],[-78.713735186797038,-1.6699914826417206],[-78.713801120653201,-1.669999534926065],[-78.713853399983762,-1.6700253185489868],[-78.713897236045625,-1.6700711493341112],[-78.713965408732491,-1.6701147965268919],[-78.714021900619286,-1.6701489073089864],[-78.714078863321589,-1.6701914918360814],[-78.714135612565144,-1.6702190181851222],[-78.714170395668091,-1.6702193942928902],[-78.714221149785715,-1.6702302935801743],[-78.714278182998527,-1.6702662916476825],[-78.714310334668554,-1.670320466246471],[-78.714352550160172,-1.670377947710749],[-78.714382393411299,-1.6704031129543364],[-78.714483353202993,-1.6704237772750734],[-78.714542545422404,-1.6704501999929806],[-78.714580200429694,-1.6704794026098608],[-78.714610650995766,-1.6705177488930472],[-78.714639385449246,-1.6705415848653622],[-78.714697418988408,-1.6705538803184847],[-78.714744860379952,-1.6705598507349328],[-78.714775159031973,-1.6705773044879608],[-78.714797906149158,-1.6706189549186121],[-78.714830875316224,-1.6706490479188221],[-78.714886759947916,-1.6706699767740369],[-78.714947476100591,-1.6706937823915875],[-78.714994487830012,-1.6707225204649736],[-78.715073698702781,-1.6708009168330242],[-78.715155555074361,-1.6708592031909812],[-78.715240709418595,-1.6709414277384307],[-78.715305111100761,-1.6710230512430331],[-78.715367782997674,-1.6711089848118073],[-78.715448711604196,-1.6711842002301378],[-78.715493729751643,-1.6712068945450118],[-78.71553200132611,-1.6712133306397419],[-78.715580427801626,-1.6712321091968945],[-78.715609230769346,-1.671249546746175],[-78.715614206154697,-1.6712740672713111],[-78.715635888796356,-1.671310249082826],[-78.715661824327668,-1.6713159864065279],[-78.715715028420959,-1.6713252188834764],[-78.715772443484681,-1.6713604689223462],[-78.715855657545148,-1.6714317564378018],[-78.715944735403966,-1.6715143996547521],[-78.716066255319021,-1.6715889231525061],[-78.716182625093481,-1.6716377959141577],[-78.716249867289889,-1.6716635537010811],[-78.716289369200396,-1.6716773425768048],[-78.716351453616014,-1.6716957050173264],[-78.716419159696272,-1.6717305015546422],[-78.716463054292987,-1.6717708750269786],[-78.716537486822091,-1.671823811905629],[-78.71662195547384,-1.671865187506679],[-78.716692215738803,-1.6719060348107173],[-78.716749011423644,-1.6719642385553368],[-78.71683594203256,-1.6720378248199783],[-78.716899196364707,-1.6720691854697816],[-78.716968762301661,-1.6720874400576589],[-78.717028207997387,-1.6721076553299374],[-78.717113905883878,-1.6721565726600265],[-78.717211071115074,-1.6722349747865206],[-78.71735500161364,-1.6723300671105541],[-78.717441071646903,-1.6723966807290451],[-78.717533102130488,-1.6725006230617125],[-78.71762537827,-1.6726516190105396],[-78.717709741971035,-1.6727729815535983],[-78.717791320815692,-1.6728749292031115],[-78.717897750572178,-1.6730140333376613],[-78.718007441096475,-1.6731641981598639],[-78.719097474522115,-1.674046024810977],[-78.719063515099961,-1.6741061672513835],[-78.71899408788812,-1.6742396949054787],[-78.718992049512707,-1.6742436149879723],[-78.718837395037227,-1.6743809643669723],[-78.718629281393703,-1.6745003129472515],[-78.718572677826273,-1.6745244431772541],[-78.718391477747176,-1.6746016885561503],[-78.718106109950142,-1.6747269255588495],[-78.717990666563807,-1.6747824243883587],[-78.717944607316852,-1.6748045672827898],[-78.717834743029783,-1.6748573841264862],[-78.717820727420815,-1.6748641224040741],[-78.717481782843151,-1.6750730115293728],[-78.717331705869555,-1.6751773047557292],[-78.71714722256084,-1.6753358329718537],[-78.717146401776361,-1.6822879830526443],[-78.717140774119798,-1.682290677582712],[-78.717134704233288,-1.6822935831283514],[-78.717106725468142,-1.6823104785169294],[-78.717089213459033,-1.6823210509865036],[-78.717079363782901,-1.6823228094217175],[-78.717077039288171,-1.6823232243329154],[-78.717058960882326,-1.6823264520235881],[-78.717032268772371,-1.6823261584257996],[-78.717000052582122,-1.6823190620356705],[-78.716968994371769,-1.6823065457103497],[-78.716934108807365,-1.6822967043384764],[-78.716892900028185,-1.6822982622130409],[-78.716854921885997,-1.6823089190533329],[-78.716849776297877,-1.6823103630113196],[-78.716806389611705,-1.6823098852184399],[-78.716766928616806,-1.6822978796992805],[-78.716758514693481,-1.6822940603254517],[-78.716730813664299,-1.6822814846732383],[-78.716658876972602,-1.6822769685214367],[-78.716614113955345,-1.6822927746926253],[-78.716604903449365,-1.6822964666333331],[-78.716576255430454,-1.6823079516742017],[-78.716536266134895,-1.6823168677415092],[-78.716496292839935,-1.682315119320515],[-78.716452967259897,-1.6822906964003992],[-78.716449780714271,-1.6822869437523373],[-78.716446718867687,-1.6822833376994315],[-78.716422267155707,-1.6822545408553029],[-78.71640146159568,-1.6822274767579275],[-78.716390128193765,-1.6822127345112148],[-78.716339810598768,-1.6821877320278631],[-78.716315559390935,-1.6821842709654977],[-78.716304672395609,-1.6821827168176533],[-78.7162895185445,-1.6821878816054265],[-78.716282320362509,-1.6822062144093648],[-78.716283994224682,-1.6822361135148325],[-78.716277420262017,-1.6822522394824801],[-78.716263512818358,-1.6822531930912801],[-78.716241375828744,-1.6822385619652027],[-78.716217764431875,-1.6822125450134724],[-78.716204393550413,-1.6822009282118813],[-78.716188886052791,-1.6821927088421911],[-78.716161568470696,-1.6821764100591727],[-78.716138849313367,-1.682151007072971],[-78.716127102957756,-1.6821337078259031],[-78.716113658054155,-1.6821139061104673],[-78.716103752885545,-1.6820961904803713],[-78.716083768656191,-1.68208590923468],[-78.716063072572496,-1.6820859824846084],[-78.71603439097828,-1.6821031726294782],[-78.716010897845521,-1.6821029135268275],[-78.715985767323545,-1.6820970024873769],[-78.715962931567773,-1.6820915190319656],[-78.71592204711466,-1.6820907666458738],[-78.715882987179384,-1.6820969763132703],[-78.715850937304509,-1.6821021564457896],[-78.715841185084429,-1.6821089529876343],[-78.715823937309921,-1.6821209748639481],[-78.715811081294063,-1.6821447783365593],[-78.715799015769889,-1.6821693954370391],[-78.715779865485146,-1.682174315949809],[-78.715759525840909,-1.6821691617771584],[-78.715739779281535,-1.6821553615334075],[-78.715727832014721,-1.682132391253544],[-78.715709806185927,-1.6821166982517257],[-78.715689509991492,-1.6820958217451842],[-78.715668181042716,-1.6820738827249568],[-78.715622222195051,-1.6820249826869194],[-78.715593148593854,-1.6820138970178447],[-78.715561626196092,-1.6820135498022797],[-78.715552660863864,-1.6820134506461293],[-78.71551260402795,-1.6820194475956749],[-78.7154677474241,-1.6820346488488913],[-78.715434763133842,-1.6820337819156661],[-78.715412754083971,-1.6820257926367892],[-78.715374274811182,-1.6820062525148818],[-78.715324750931387,-1.6819909165416602],[-78.715268800960317,-1.6819873819570474],[-78.7152505051437,-1.6819860089151082],[-78.715249338299969,-1.6819859216599524],[-78.715215354323377,-1.6819833721048532],[-78.715187283620253,-1.6819719956233468],[-78.715169779261601,-1.6819543967015393],[-78.715157228990947,-1.6819316209824822],[-78.715142430330474,-1.6819226042160778],[-78.715115741191681,-1.6819221090111121],[-78.715070962086202,-1.6819301669324687],[-78.715050138098121,-1.6819235992346291],[-78.715030616017017,-1.6819075880729697],[-78.715011652864348,-1.681904561730498],[-78.714975750742298,-1.6819145294165867],[-78.714973239862232,-1.6819160876663335],[-78.714948673151753,-1.6819313345139346],[-78.714918580676169,-1.6819312041272521],[-78.71488285144622,-1.6819161212564384],[-78.714844632978767,-1.6818909495186425],[-78.714803876110111,-1.6818693718074145],[-78.714798440926572,-1.6818664744080287],[-78.714724850476514,-1.6818272507830458],[-78.714670427021929,-1.6818119614635298],[-78.714646296768521,-1.6818080349730211],[-78.714629308768949,-1.6818052704050341],[-78.714592635095585,-1.681794302335285],[-78.714553785557698,-1.6817903530709613],[-78.714535989326947,-1.6817919837032163],[-78.714515555287647,-1.6817938553061578],[-78.714494861377872,-1.6817936266099216],[-78.71446990110519,-1.6817904340918326],[-78.71443667803409,-1.6817747747109233],[-78.714396078569777,-1.6817522723939069],[-78.714379633376467,-1.6817431578634643],[-78.714351062081292,-1.6817134648439211],[-78.71432302646835,-1.6816897135454716],[-78.714290189951299,-1.6816661111725868],[-78.714258462135277,-1.6816508712039957],[-78.714206627416345,-1.6816366163986074],[-78.714161074875662,-1.6816330958625771],[-78.714147555026059,-1.6816329470376172],[-78.714117488858477,-1.6816326150838419],[-78.71410059398815,-1.6816324288321087],[-78.714067404331246,-1.6816320633635804],[-78.714016296727962,-1.6816337134838526],[-78.713970870318775,-1.6816460908351207],[-78.713908928489218,-1.6816602982979052],[-78.713884920398826,-1.681661024833853],[-78.713860221459825,-1.6816617731550085],[-78.713796042164944,-1.6816610655936932],[-78.713772618046207,-1.681663293456318],[-78.713741996528526,-1.6816662052965887],[-78.713704898099991,-1.6816759572978135],[-78.713697367892451,-1.6816739180359312],[-78.713678181805449,-1.6816687209200989],[-78.713651615411365,-1.6816477023393834],[-78.71362167985788,-1.6816331867764744],[-78.713587281803186,-1.6816244560700522],[-78.713552889960127,-1.6816242790154923],[-78.713514758537357,-1.6816370383056289],[-78.713472227763887,-1.6816406945548898],[-78.713427828035023,-1.6816231009932325],[-78.713378703775021,-1.681614134152279],[-78.713374443853738,-1.6816133571135008],[-78.71333125468955,-1.6816223380447743],[-78.713273865300806,-1.6816499770503648],[-78.713236425555721,-1.6816542928886313],[-78.713205635353646,-1.6816539537386253],[-78.713174556046255,-1.6816434496777941],[-78.713121664002855,-1.6816161036965072],[-78.713092906524579,-1.6815943566218756],[-78.713033112043632,-1.6815581821801935],[-78.712959894632306,-1.6815427866052017],[-78.712928234311065,-1.6815413634359644],[-78.712870955586823,-1.6815387881896158],[-78.712842089731041,-1.6815453108518654],[-78.712838939949265,-1.6815477994628256],[-78.712813953901687,-1.6815675377442818],[-78.712793198774321,-1.6815913544351613],[-78.71276690781859,-1.6816069101794309],[-78.712764317918158,-1.6816084421152599],[-78.712730927849833,-1.6816081740202224],[-78.712714413575199,-1.681600547388969],[-78.71268367154633,-1.6815866257022314],[-78.712624363475726,-1.6815516640950749],[-78.712556721115519,-1.6815108754248018],[-78.712484636449418,-1.6814832175253414],[-78.712432190442897,-1.6814516512993516],[-78.712380850983038,-1.6814194942602012],[-78.712343660769292,-1.6814008741190769],[-78.712294212370736,-1.6813786976513911],[-78.71223232362432,-1.6813512524684842],[-78.712198271899439,-1.6813290453470955],[-78.712173272193866,-1.6813019067423791],[-78.712161578297554,-1.6812874407201532],[-78.712154725760229,-1.6812789639766403],[-78.71213235108381,-1.6812586961479803],[-78.712089039681388,-1.6812238094679703],[-78.712042314008812,-1.6811994503466177],[-78.711999358264947,-1.6811870040471528],[-78.711956637028408,-1.6811621849946381],[-78.711945509937891,-1.6811508456703048],[-78.711914018323981,-1.681118754540061],[-78.711875580356761,-1.6810769806240085],[-78.711830712358989,-1.681047309089619],[-78.711790578819176,-1.681023625803014],[-78.71176172956153,-1.6809827617756712],[-78.711749845872333,-1.6809538559655386],[-78.711729189900439,-1.6809318969810763],[-78.711728560650371,-1.6809314803995543],[-78.711695340553746,-1.6809094894196448],[-78.71166712984936,-1.6808834227959317],[-78.71166008134584,-1.6808604059131236],[-78.711660326787552,-1.6808378722330259],[-78.711657467924212,-1.6808158067785848],[-78.711647088503256,-1.6807865149301979],[-78.711623924365512,-1.6807653331409413],[-78.711590274334569,-1.6807337728343543],[-78.71154639423554,-1.6807143746088782],[-78.711509320916065,-1.680703401540925],[-78.711481619763276,-1.6806895132846744],[-78.711444687287567,-1.680670997420711],[-78.711396401882695,-1.6806337418414081],[-78.711358397866661,-1.6805981093152074],[-78.711313072493411,-1.6805369419562965],[-78.711264005512334,-1.6804889134170795],[-78.71122573067592,-1.6804505613494511],[-78.71118789699652,-1.6804268021417776],[-78.711154572290582,-1.6804113433397909],[-78.711110455445763,-1.6803769520322418],[-78.711059680951521,-1.6803387642173444],[-78.711015968944025,-1.6803131295148153],[-78.710981873949962,-1.6802949451557374],[-78.710970745392146,-1.6802879603970047],[-78.710955861832517,-1.6802786190065],[-78.710894091472326,-1.6802398496109729],[-78.710848837583924,-1.6801959975333436],[-78.710841160071666,-1.6801885585187319],[-78.710794163520433,-1.6801615802207892],[-78.7107469615989,-1.6801435593963074],[-78.710711124883645,-1.6801298776069509],[-78.710559873903264,-1.6800841142083511],[-78.710501034586713,-1.6800501928004679],[-78.710466102010813,-1.6800238253738911],[-78.710449766632777,-1.6800114963686466],[-78.710412822834101,-1.6799610901764721],[-78.710388429125018,-1.6799150388820461],[-78.710369298659558,-1.6798814255725314],[-78.710353009559384,-1.6798440206330143],[-78.710331516772925,-1.6797978046197106],[-78.710307040453884,-1.6797362957770259],[-78.710305338594893,-1.6797320187650975],[-78.710297814535167,-1.6796792164308039],[-78.710307377249435,-1.6795998404467956],[-78.710311049915049,-1.6795471607011385],[-78.710304698048461,-1.6795152981425392],[-78.710282311111399,-1.6794778254494058],[-78.710252044258425,-1.6794385562615337],[-78.710214133129952,-1.6794219394710461],[-78.710168750865435,-1.679411981755933],[-78.710118185343859,-1.6794188702490531],[-78.710059756940225,-1.6794409637445071],[-78.710036984585329,-1.6794498051025359],[-78.709982646574787,-1.6794708999801642],[-78.709907012276247,-1.6794938102750416],[-78.709879918493968,-1.6794999345403561],[-78.709859905469813,-1.6795044580416123],[-78.709812798663307,-1.6795151067103444],[-78.709736591357313,-1.6795263402890988],[-78.709685891610164,-1.6795181345648864],[-78.709661997727309,-1.6795088169041505],[-78.709640038097561,-1.6794962995670608],[-78.709609541056182,-1.6794965673351623],[-78.709572072230557,-1.6795035996251662],[-78.709536946548582,-1.6795157883658329],[-78.709495757327247,-1.6795339471808668],[-78.709443505502037,-1.6795671761338717],[-78.709391409557298,-1.6795953763314697],[-78.709341469512111,-1.6796275241121374],[-78.709289426024,-1.6796507948691766],[-78.709241552882034,-1.6796584160289414],[-78.709206414004811,-1.6796626568005191],[-78.709173645566281,-1.6796786948157625],[-78.709148874008449,-1.6797040778418368],[-78.709123041030466,-1.6797167711142424],[-78.70909009510541,-1.6797147488675885],[-78.709087072419578,-1.6797145635973083],[-78.709070730400811,-1.6797079541759536],[-78.709062137372101,-1.679704479015883],[-78.709053543445123,-1.6797010038547391],[-78.708493525511216,-1.6804481513898097],[-78.708380206504387,-1.6827530564537432],[-78.708788632842001,-1.6837476527260071],[-78.709529504244315,-1.6855518188193044],[-78.709223549643994,-1.6862178107469112],[-78.7077079324377,-1.6895169386856448],[-78.707555352384801,-1.6898490672241466],[-78.706580507435532,-1.691977108589453],[-78.705215580898695,-1.6949972754970064],[-78.704406552856724,-1.6960189125672147],[-78.704214191594048,-1.696125945350311],[-78.704029851300433,-1.6962393364106492],[-78.703946513366631,-1.6963648078971765],[-78.703880930629026,-1.6965500952179164],[-78.70381532053581,-1.6967593012465247],[-78.703779321502182,-1.6970522569388069],[-78.703808905274684,-1.6971599235467703],[-78.703870314406032,-1.6972311945475052],[-78.703975116535062,-1.6973036320338626],[-78.704188857334401,-1.697453376354161],[-78.704355082777653,-1.6975851250610159],[-78.70447971945039,-1.6977108441636617],[-78.704562684441569,-1.6979022889721584],[-78.704550729717525,-1.6979620702590075],[-78.704513797528577,-1.6980385645587937],[-78.704437619141217,-1.698138929806245],[-78.704385249469013,-1.6982058386724539],[-78.704251992547839,-1.6983348374508409],[-78.704133053253855,-1.6984160175941647],[-78.703956203843376,-1.6984434502362855],[-78.703757400983136,-1.6985064567595831],[-78.70362408187178,-1.6986880758757226],[-78.703576228811713,-1.6989559025498904],[-78.70360053241491,-1.6991711778323593],[-78.703571328942687,-1.6992253029277531],[-78.703468612440162,-1.6992557955473473],[-78.703436177731618,-1.6992421796603512],[-78.703390684779663,-1.6992270005103398],[-78.70335072188864,-1.6992537407115438],[-78.70330507669216,-1.6993073326461989],[-78.703276432718638,-1.6993646323120146],[-78.703219591760458,-1.6993822689819369],[-78.703156257685748,-1.6994021045234928],[-78.703110930061044,-1.6994256643697976],[-78.703055708066856,-1.699492569674691],[-78.703021353146042,-1.6995522987468121],[-78.702920934206418,-1.6996302401122814],[-78.702789184401951,-1.6997373040390131],[-78.702672393705242,-1.6998436635605878],[-78.702641453355653,-1.6998676925991369],[-78.702612057401254,-1.6998862805464636],[-78.702585335882816,-1.6998994893238684],[-78.702554142607141,-1.6999117806164201],[-78.702423071140061,-1.6999534305750992],[-78.702279531772746,-1.7000086028681394],[-78.70216710134207,-1.7000445618905446],[-78.702054790340043,-1.7000775297335076],[-78.701965415072209,-1.7001012338122736],[-78.701883943378164,-1.7001196526716895],[-78.701808312219001,-1.7001331644227629],[-78.701700587841955,-1.7001466639299256],[-78.701664000259072,-1.7001466200887452],[-78.701629823206744,-1.7001410250088924],[-78.701579285692702,-1.7001262158223536],[-78.701488534938193,-1.7000915926654641],[-78.701404824719717,-1.7000742342450168],[-78.701274953887719,-1.7000404103429283],[-78.701120753961902,-1.7000113502447687],[-78.701052623366451,-1.6999950256718253],[-78.701000249955598,-1.6999799765311505],[-78.700946849124477,-1.6999624148703643],[-78.700866182236581,-1.6999316376228613],[-78.700823480046466,-1.6999198960255026],[-78.700719162911753,-1.699897172114208],[-78.70060990307428,-1.6998646195067604],[-78.700564980152905,-1.6998536743742434],[-78.700498001008484,-1.6998436375305772],[-78.700401800288944,-1.6998354323995486],[-78.700332687923463,-1.6998304309374919],[-78.700288821729302,-1.6998298829659466],[-78.700209903109425,-1.6998370067285107],[-78.700153154085356,-1.699839274609487],[-78.69999289525478,-1.6998403562021549],[-78.699900027441345,-1.6998435073618647],[-78.699847617840035,-1.6998492056570353],[-78.699775861789774,-1.6998653616221249],[-78.699718484853292,-1.6998835516281074],[-78.699658637440592,-1.6999078469335194],[-78.699595496303743,-1.6999385584267714],[-78.699526443077119,-1.6999769539771514],[-78.699482330062708,-1.7000043010279908],[-78.699436788578822,-1.700035532618243],[-78.699389203672268,-1.700071061133398],[-78.699337974883719,-1.7001120806324521],[-78.699280561159185,-1.7001598129732396],[-78.699246414373533,-1.7001931816913014],[-78.699212290332653,-1.7002346492844227],[-78.699201372618305,-1.7002522540561975],[-78.699177255267827,-1.7003004710907283],[-78.699168581318986,-1.7003130089751766],[-78.699159172974419,-1.7003228954786211],[-78.699147154347898,-1.7003325347729288],[-78.699134779775036,-1.7003415878542165],[-78.699121447314042,-1.7003485841120114],[-78.69910509824976,-1.7003540462948068],[-78.699083650411865,-1.7003555474024092],[-78.699052426654376,-1.7003511427641376],[-78.699031483434254,-1.7003460308836631],[-78.698966708547502,-1.7003256612981776],[-78.698908101812876,-1.7003150215276615],[-78.698861809073023,-1.7003123380847296],[-78.698831543454446,-1.7003143321324268],[-78.698760931708748,-1.7003101875873889],[-78.698671146710808,-1.7003121093105706],[-78.698559675650927,-1.7003088594951477],[-78.698516802688815,-1.7003093866008021],[-78.69846154300069,-1.7003163388650191],[-78.698437437301536,-1.7003160586275485],[-78.698404597191228,-1.7003088388253111],[-78.698376932452774,-1.7002970374851925],[-78.698366624558787,-1.7002897543243918],[-78.698356488847836,-1.7002796906974789],[-78.698325721928612,-1.7002385104850757],[-78.698312455541057,-1.7002238698170324],[-78.698293391848949,-1.7002057119996032],[-78.698281214090926,-1.7001972685845212],[-78.698265549189998,-1.7001916812084468],[-78.698238856924462,-1.700187066851524],[-78.698212275108489,-1.7001832499459313],[-78.698193466042596,-1.7001829516564091],[-78.698176999380152,-1.7001853193316094],[-78.698159158193292,-1.7001900167465238],[-78.698136471753969,-1.7001989354020839],[-78.698116764937964,-1.7002102685736531],[-78.69808444798106,-1.7002406842962334],[-78.698054158620394,-1.7002619658269775],[-78.698035608531356,-1.7002713061833534],[-78.698020851183315,-1.7002761374712976],[-78.697995669118612,-1.7002775111420996],[-78.697967388744672,-1.7002720125806641],[-78.69794939782264,-1.70026434233047],[-78.697927062490635,-1.7002506462951563],[-78.69791488174684,-1.7002409363865794],[-78.697903055808453,-1.7002282274665927],[-78.697863143296061,-1.7001708159996363],[-78.697843453278992,-1.7001490315304355],[-78.697815127951458,-1.7001246205514129],[-78.697795074416476,-1.7001124287833018],[-78.697770167122002,-1.7001048153202132],[-78.697738595712494,-1.7001011940116704],[-78.697707321592588,-1.7001021716538725],[-78.6976871524015,-1.7001064612823078],[-78.69766527415355,-1.7001141342993502],[-78.697654031196095,-1.7001204089544029],[-78.697628406925929,-1.7001394080771324],[-78.697614125457278,-1.7001452035858526],[-78.697601062736339,-1.7001459454487282],[-78.697577809983656,-1.7001438067212351],[-78.697548656108282,-1.7001393421771331],[-78.697489240856612,-1.7001242257598788],[-78.697463508395572,-1.7001193060957482],[-78.697409712507593,-1.7001138275248722],[-78.697379292051863,-1.7001153639473636],[-78.697345141899831,-1.7001205172725937],[-78.697283248077028,-1.7001380391173659],[-78.69726013950816,-1.7001415875555004],[-78.697198498514069,-1.7001474120799347],[-78.697146112700381,-1.7001581202150473],[-78.697124503522744,-1.7001608577649148],[-78.697088099688287,-1.7001605021803883],[-78.697045151760634,-1.7001553484999981],[-78.697001186764439,-1.7001457767075665],[-78.696955060397855,-1.7001308769205514],[-78.696934443292392,-1.7001219939775867],[-78.696870371135404,-1.7000901698577671],[-78.696823201666419,-1.7000731137088043],[-78.696769530040257,-1.700057563933653],[-78.696709017966526,-1.7000439558482026],[-78.696671952897319,-1.7000391147765148],[-78.696624289305248,-1.7000357335752054],[-78.696563762792707,-1.7000343076220326],[-78.696501726146963,-1.700035937143267],[-78.696439810655676,-1.7000407009364309],[-78.696378016317439,-1.7000485999051114],[-78.696316344030222,-1.7000596340500065],[-78.696241808191999,-1.7000648256324535],[-78.696155722977466,-1.7000665275041178],[-78.696097883146351,-1.700065325335447],[-78.695926176449291,-1.7000572281751676],[-78.695802431555876,-1.7000570795295304],[-78.695750181448119,-1.7000526342281488],[-78.695635401594373,-1.7000369052585451],[-78.695587249538463,-1.7000333598253197],[-78.695510132796201,-1.7000332671792451],[-78.695454308309252,-1.7000378303377626],[-78.695415067592279,-1.700045786198088],[-78.695397090670866,-1.7000520952273244],[-78.695377591589732,-1.7000609932568591],[-78.695314576394736,-1.7000961965764951],[-78.695258275525134,-1.7001305121068435],[-78.695134307908106,-1.700216652395407],[-78.695103203840986,-1.7002356177438731],[-78.695074074845053,-1.7002511114396419],[-78.695026746947306,-1.7002737482694978],[-78.694993328230495,-1.7002871079158455],[-78.694944144034181,-1.7003024581774622],[-78.694907219518555,-1.7003086612569414],[-78.694887927750628,-1.7003086480138647],[-78.694842659529129,-1.7003049740384448],[-78.694769130768577,-1.7003048856602732],[-78.694723513046114,-1.7003095803789741],[-78.694702770037225,-1.7003084155174977],[-78.69468842700681,-1.7003047886548384],[-78.694679520853654,-1.7003002842275923],[-78.694670581722363,-1.7002932901791257],[-78.694649014960007,-1.700268647772113],[-78.694642210468416,-1.7002584652138877],[-78.694636598902335,-1.7002460675123416],[-78.694620175763347,-1.7001837973864449],[-78.69461463337916,-1.7001698774535667],[-78.694607897667268,-1.700158511659019],[-78.694594753988667,-1.7001419592183717],[-78.69458103253433,-1.7001277998422346],[-78.69456254207023,-1.7001126656596695],[-78.694543402859168,-1.7001006838056727],[-78.69452947242867,-1.7000945669549283],[-78.694513027804291,-1.7000897533440438],[-78.694459136528536,-1.700080730957571],[-78.694416640704944,-1.7000746918659704],[-78.694376650428211,-1.700071608208062],[-78.694338144578552,-1.7000712364877135],[-78.694299531607484,-1.7000733207712528],[-78.694251107409443,-1.7000750669206386],[-78.694213572723996,-1.7000716182886899],[-78.694177590644244,-1.7000641505875744],[-78.694143120806274,-1.7000526122418727],[-78.694109472395908,-1.7000369979015508],[-78.694095810927237,-1.700028313145999],[-78.694081809018428,-1.7000165770247175],[-78.694026601886179,-1.6999597249006235],[-78.694012469449532,-1.699948973065101],[-78.693998395442819,-1.699941216209107],[-78.693984391850179,-1.6999354400734767],[-78.693957448335638,-1.6999230971882611],[-78.693929830277881,-1.699912934812952],[-78.693857191784971,-1.6998969942705939],[-78.693829364888046,-1.699887192334798],[-78.693808388524602,-1.6998775396564949],[-78.693789546297666,-1.6998666348099709],[-78.693776182813437,-1.6998566622325919],[-78.693749509819682,-1.6998245476710934],[-78.693723135621966,-1.69980180871778],[-78.693700511517662,-1.6997892938449155],[-78.693676512665348,-1.6997838374569809],[-78.693657494323233,-1.6997828066481542],[-78.693630029172894,-1.6997845978752291],[-78.693603948118337,-1.6997888613618268],[-78.693536038630029,-1.6998060928735446],[-78.693485520238454,-1.69981330832577],[-78.69344070440161,-1.6998281584724309],[-78.693384701646735,-1.6998543103676489],[-78.693353989708626,-1.6998630845980924],[-78.693333624171004,-1.6998648237884315],[-78.693310440679895,-1.6998611618859114],[-78.693297238219401,-1.6998563042585761],[-78.69328112477757,-1.6998479790542627],[-78.693262075325904,-1.6998353247437494],[-78.693241865298333,-1.6998180695540708],[-78.693225688258522,-1.6998012684953714],[-78.693210271513905,-1.6997819426126197],[-78.693190677766836,-1.6997457559742633],[-78.693182308386838,-1.6997340609806579],[-78.693166787235725,-1.6997194429352673],[-78.693152843348045,-1.699714083608709],[-78.693144859812648,-1.699713350820069],[-78.693135764543953,-1.6997145458019034],[-78.69310975952024,-1.6997236321410114],[-78.693091979880535,-1.6997310162195811],[-78.693081378244102,-1.6997381449649671],[-78.693067350138648,-1.6997575610942011],[-78.693061564153652,-1.6997695021259793],[-78.693048134906789,-1.6998065955260433],[-78.693037807251031,-1.6998250804778237],[-78.693019816542275,-1.6998415077807205],[-78.693006782204904,-1.6998501559121935],[-78.6929931040941,-1.6998570106641235],[-78.692979189601942,-1.6998616964681132],[-78.692960138168274,-1.699865844550192],[-78.692932274255639,-1.6998690753355399],[-78.692899988160448,-1.6998690093876467],[-78.692866498789115,-1.6998655032279917],[-78.692848788689773,-1.6998612313849757],[-78.692835020579537,-1.6998561244795107],[-78.692810755584304,-1.699841047540438],[-78.69279577288718,-1.6998284089683102],[-78.692760317094297,-1.6997923524168463],[-78.692675787255496,-1.6997296478998056],[-78.692633438844553,-1.6996910672685697],[-78.692590871942258,-1.6996458456934516],[-78.692523181860196,-1.69956460712181],[-78.692467024074958,-1.69949440563073],[-78.692442657204595,-1.6994660273232827],[-78.692375575319801,-1.6993983917727797],[-78.692340771134866,-1.6993545183473642],[-78.69232407226788,-1.699337642542601],[-78.692287581778302,-1.6993127914765616],[-78.692263614727338,-1.699299494852313],[-78.692203044888203,-1.6992719462633916],[-78.692176464857354,-1.699257662960542],[-78.692134380550783,-1.6992296963617965],[-78.692090783568915,-1.6991948223966393],[-78.692033565306986,-1.6991416561703727],[-78.692006160631607,-1.6991137388676187],[-78.691943763312281,-1.6990440695807472],[-78.691914351205966,-1.6990135933946002],[-78.691861636923633,-1.6989644444817822],[-78.691836770619901,-1.6989451226199443],[-78.691792537829855,-1.6989138638421477],[-78.691658262365237,-1.6988265861781375],[-78.69161214289322,-1.6987939736765767],[-78.69151014997918,-1.6987097252278227],[-78.691461958013349,-1.6986718553701234],[-78.691432527656232,-1.6986529782099147],[-78.691393607134316,-1.6986349981429676],[-78.691375588962984,-1.6986307033360228],[-78.691322770624197,-1.6986238147284645],[-78.691272769372304,-1.6986079249097754],[-78.691212154782548,-1.6985825603129274],[-78.691131212023194,-1.6985403707031015],[-78.691070367610678,-1.6985126175018559],[-78.691036241337528,-1.698499320421176],[-78.691007220502186,-1.6984918999603211],[-78.690972045271806,-1.6984874317450325],[-78.690915892927293,-1.6984860986323245],[-78.690855620442321,-1.6984866028842809],[-78.69079685670539,-1.6984905151645695],[-78.690755562618392,-1.6984953867915527],[-78.69069018599366,-1.6985123744885304],[-78.690654089829735,-1.6985155953601405],[-78.6905932453937,-1.6985188913238909],[-78.690532814815299,-1.6985254448407483],[-78.690480012497375,-1.6985330805616434],[-78.690445134399837,-1.6985409041763206],[-78.69041013864863,-1.698552485513207],[-78.690367946778466,-1.6985712683741925],[-78.69033528043208,-1.6985873642985971],[-78.690297318350261,-1.6986118292688313],[-78.6902808019329,-1.698619863901482],[-78.690264145333302,-1.6986249097917172],[-78.690240686489489,-1.69862698694772],[-78.6901767672624,-1.6986354156337735],[-78.690075756438731,-1.6986305111136082],[-78.689983132760389,-1.6985694087314069],[-78.68993689223592,-1.6984784646835198],[-78.689910873658576,-1.6983719982455565],[-78.689888367084649,-1.6983097842677346],[-78.689849189312113,-1.6982762517406889],[-78.689819564048221,-1.6982044623349093],[-78.6898102557698,-1.6981036894177322],[-78.689796168083561,-1.6979577730030491],[-78.689789204757744,-1.6978166481417383],[-78.689768049488393,-1.6976181041078804],[-78.689768140389205,-1.6975415665707727],[-78.68975866938122,-1.697510461733732],[-78.689711149444136,-1.6974960538335073],[-78.689668372114411,-1.6974912185028708],[-78.689649400650623,-1.697455319261302],[-78.689670834314569,-1.6974194677078545],[-78.68966611817207,-1.6973883685913373],[-78.689625745335221,-1.6973596185380606],[-78.689537945167174,-1.6973428796397863],[-78.689483186451682,-1.6973163948472214],[-78.689459449663303,-1.6972900567447644],[-78.68946184847249,-1.6972709249960991],[-78.689464265221346,-1.6972374434237545],[-78.689445325005252,-1.6971752337664854],[-78.689393102246839,-1.6971177679721754],[-78.689293334913415,-1.6970674199289777],[-78.689207845628019,-1.6970027383111694],[-78.689127100894709,-1.6969452382277317],[-78.689067742425976,-1.6968925477482453],[-78.689053617767016,-1.6967777238984909],[-78.689098888486768,-1.6966844989403174],[-78.68914886488588,-1.6966319390250397],[-78.689221259241648,-1.6965845940208826],[-78.689286602077232,-1.6965656798715012],[-78.689298746293403,-1.6965470389512547],[-78.689296370753723,-1.6965125265025467],[-78.689294059077667,-1.6964575126753805],[-78.689225179369771,-1.6964167695746128],[-78.689146763347608,-1.6963999326202372],[-78.689073126848214,-1.6963615757443669],[-78.689039893500123,-1.696325658478036],[-78.688980478245043,-1.6963208031684833],[-78.688859319034307,-1.6962704303611735],[-78.688769034131354,-1.6962416203339441],[-78.688650066531665,-1.6962059118738682],[-78.688572581957729,-1.6961634878735359],[-78.688503015928262,-1.6960834414620636],[-78.688417528656217,-1.6960163688701737],[-78.688324875334942,-1.6959803801789464],[-78.688226272995678,-1.695949168215704],[-78.688179965249745,-1.6959156280905014],[-78.688132486578098,-1.6958665389487855],[-78.688069030672608,-1.6957618211621641],[-78.6880335197677,-1.6956421896145739],[-78.688036621866672,-1.6955315720036552],[-78.688042688529464,-1.6954269387091541],[-78.688054735767508,-1.6952894247851285],[-78.688120411324263,-1.6950264065974188],[-78.688144299934677,-1.6949247841820951],[-78.688120680953716,-1.6947991861845735],[-78.688088130113059,-1.6946885266319291],[-78.682970470289021,-1.6945369929744429],[-78.68289742980582,-1.6947018886136505],[-78.682291309572449,-1.6959691220275614],[-78.682105840500384,-1.6964162290884854],[-78.682031693085648,-1.6965727233815227],[-78.682030146095485,-1.6966746108465784],[-78.681975124457381,-1.6967726678356119],[-78.681893030373871,-1.6968514979656792],[-78.681775343372266,-1.6968800573450398],[-78.681654099471316,-1.6969014366344466],[-78.681522108818953,-1.6969658558559022],[-78.681336515075984,-1.6971342529342976],[-78.681249648503083,-1.697228622946066],[-78.681197199137699,-1.6973624994888132],[-78.68122552140693,-1.6975299587039594],[-78.681244330979609,-1.6977021893941717],[-78.681348659541626,-1.6979127923801101],[-78.681434014958697,-1.6980898872916013],[-78.681519369476149,-1.6982669822193834],[-78.681642641602394,-1.6985374027538882],[-78.681699552165583,-1.6986498849075249],[-78.681758767488049,-1.6988221653672348],[-78.681775261862086,-1.6989417745117339],[-78.68179889089653,-1.6990590003472872],[-78.681831998385562,-1.6992001551197968],[-78.681824818964571,-1.6992408065318609],[-78.681803384310925,-1.6992766577686691],[-78.681762932819765,-1.6993148770558877],[-78.681708214682004,-1.6993578638663416],[-78.681674850401379,-1.6994319688352362],[-78.681703283809625,-1.6995061484665763],[-78.68168898006509,-1.6995420074068122],[-78.681667537737098,-1.6995850335074614],[-78.681627062501022,-1.699642387277331],[-78.68161749557062,-1.6996926035105777],[-78.68161977835193,-1.6997715354008385],[-78.681588845249195,-1.6998001993566696],[-78.681555535172834,-1.699828860438104],[-78.681543611244166,-1.6998623303175546],[-78.681534072849544,-1.699888629101397],[-78.681545894013155,-1.6999412622039061],[-78.681567213604424,-1.7000010825736831],[-78.681590911066294,-1.7000609058190685],[-78.681613235900414,-1.7002080120173679],[-78.68155074201303,-1.7003185310870577],[-78.681475230643386,-1.7004251147535212],[-78.681439853909126,-1.7004594448815016],[-78.6814044771737,-1.700493775007091],[-78.681326689629799,-1.7005339803358543],[-78.681316068399383,-1.7005432549728827],[-78.681283653456745,-1.7005715609409322],[-78.681232363400426,-1.7006159466586104],[-78.681172188235919,-1.7007029912367777],[-78.681162251469956,-1.7007243510876866],[-78.681134989981857,-1.7007829519932445],[-78.681099589685303,-1.700836246640488],[-78.681078364910661,-1.700855777646584],[-78.681007856053057,-1.7009068919125587],[-78.680982875268583,-1.7009250009333257],[-78.680947488605753,-1.700967627732066],[-78.68090854243421,-1.7010315859269924],[-78.680857260852719,-1.7010688600160306],[-78.680814837845233,-1.7010856986297942],[-78.680772414838103,-1.7011025372415991],[-78.680696382953116,-1.7011522273519259],[-78.680659244141694,-1.70118240693851],[-78.680627386338742,-1.7012285933323243],[-78.680569058859248,-1.7012480803286552],[-78.680535481683208,-1.7012551512965346],[-78.680468332808076,-1.7012639597635897],[-78.680422378971755,-1.701278127349118],[-78.680392313670083,-1.7013029811052032],[-78.680353386598014,-1.7013509379568736],[-78.680326831936895,-1.7013953535286392],[-78.680270228070029,-1.7014503996722246],[-78.680229563734315,-1.7014734633692912],[-78.680183623545929,-1.701476964013376],[-78.680128851339703,-1.7014786758403533],[-78.680088210384341,-1.7014821819921884],[-78.680049325811581,-1.7014945799900025],[-78.68000200642669,-1.7015118311778836],[-78.679971553313365,-1.7015229331308694],[-78.679911467336339,-1.7015353054577709],[-78.679856429259885,-1.7015437579164636],[-78.679773631352475,-1.7015564733718482],[-78.679644624040918,-1.7015829863347545],[-78.67959418420547,-1.7015999589171322],[-78.679549522429852,-1.7016304412098466],[-78.679524496272606,-1.7016609463723402],[-78.679486940025413,-1.7017201765254826],[-78.679451199721925,-1.7017542611169811],[-78.679413684285251,-1.7017793625376822],[-78.679358325547241,-1.7017990546396444],[-78.679306554844587,-1.7018043805513001],[-78.679250366386228,-1.7017787299335732],[-78.679233995627413,-1.7018234913490584],[-78.679211686066083,-1.701872722971266],[-78.679181933136334,-1.7019443371001937],[-78.679156630499719,-1.7020144632454794],[-78.679138773920101,-1.7020622086922828],[-78.679143142085152,-1.7021308783100126],[-78.679154943789143,-1.7021846304563519],[-78.67916674193178,-1.7022428600000106],[-78.679187448722274,-1.7022936370987973],[-78.67920966821508,-1.7023302163516585],[-78.679243115351582,-1.7023852801826116],[-78.679243706186099,-1.7023862526743661],[-78.679282218675567,-1.7024325730449414],[-78.679338524363772,-1.7024848866515669],[-78.679383084371111,-1.7025252255008956],[-78.67939631319382,-1.7025372011536715],[-78.679414570588321,-1.7025539061826664],[-78.679460028331789,-1.7025954936115404],[-78.679541528644066,-1.7026672425389715],[-78.679618592939988,-1.70272704454915],[-78.679719373182749,-1.7028018017801556],[-78.679768245337627,-1.7028675395103752],[-78.679815633467769,-1.7029347688173366],[-78.679865957511183,-1.7030273781554106],[-78.679920710435312,-1.7031379042860737],[-78.679948823106969,-1.7031976470053749],[-78.679978951307987,-1.7032591585421677],[-78.679985476994631,-1.7032724811430175],[-78.68001393210416,-1.7033305763296325],[-78.680058344132007,-1.7034052661983319],[-78.680087984604256,-1.7034276918486264],[-78.680146246885215,-1.7034792666098324],[-78.680160593270742,-1.7034919668095518],[-78.680207083386847,-1.7035176590668721],[-78.680222853902009,-1.7035263744489419],[-78.680264346108899,-1.703562249389158],[-78.680319166928967,-1.7036160537167233],[-78.680379885479027,-1.7036997190783774],[-78.680409468793385,-1.7037699117853402],[-78.68041641231396,-1.7037861457077603],[-78.68043757432639,-1.7038356252989055],[-78.680459746403315,-1.7039013307193596],[-78.680473041070812,-1.7039476205818678],[-78.680486335736461,-1.7039939113491143],[-78.680499642021587,-1.7040312446092591],[-78.680527779713003,-1.7040700892192744],[-78.680573714203987,-1.7041119412425423],[-78.680601864404835,-1.7041403367831767],[-78.680619019462824,-1.7041616354219618],[-78.68064037515532,-1.7041881496847446],[-78.680671455013183,-1.7042478960410541],[-78.680675599422159,-1.7042625590761615],[-78.680680446940258,-1.7042797098085274],[-78.680678550541671,-1.7043059961089186],[-78.680669865550584,-1.7043359633164528],[-78.680652033009238,-1.7043628106526185],[-78.680616380433577,-1.704406056250438],[-78.680595118925297,-1.7044314367900966],[-78.68056141663557,-1.7044716681717222],[-78.68046336577676,-1.7045954440531037],[-78.680405217270078,-1.7046979127142172],[-78.680402418456765,-1.7047028450420891],[-78.680348868224343,-1.7047807798738515],[-78.680313260155302,-1.7048326024457747],[-78.680261195566572,-1.704954941574027],[-78.680231455857367,-1.705014613265408],[-78.680178953862125,-1.7051061198628454],[-78.680174969536637,-1.7051130639101406],[-78.680134821902584,-1.7051936211345822],[-78.68009019711748,-1.7052965635562216],[-78.680035188542007,-1.7053994942757138],[-78.680008416882316,-1.7054591695456192],[-78.679974170481586,-1.7055666028471461],[-78.679945893306368,-1.7056441895120724],[-78.679929520612689,-1.7056904433745392],[-78.679920549307312,-1.7057486477675594],[-78.679923495011707,-1.705768068790221],[-78.679926437151877,-1.7057874654012317],[-78.679957549133277,-1.7058203428731382],[-78.680000552184893,-1.7058323366124224],[-78.680048020768325,-1.7058323942201725],[-78.680119198152198,-1.7058533787653078],[-78.680172551002855,-1.7058937464745383],[-78.680219952505055,-1.7059490343550652],[-78.680231764869447,-1.705995322430963],[-78.680246540826786,-1.7060431074762628],[-78.680247964038344,-1.7060938612528167],[-78.680237536418161,-1.7061296732537856],[-78.680194477889728,-1.7061639531808572],[-78.680145504681562,-1.70618180606644],[-78.680089122028178,-1.7061936791802998],[-78.680003082803125,-1.7061965605817546],[-78.679943722238136,-1.7062173857849892],[-78.679868028323497,-1.7062516269811965],[-78.679846312765903,-1.7062638043213691],[-78.679817559452331,-1.7062799271164746],[-78.679773024940289,-1.7063082344531157],[-78.67971957636162,-1.7063469791405541],[-78.67967011181284,-1.7063760362103826],[-78.679658715656714,-1.7063827307930459],[-78.679620054637638,-1.7064603048103368],[-78.67959179708518,-1.7065214706990672],[-78.679584324092488,-1.7065677362476444],[-78.679586252950102,-1.7066095656424189],[-78.679587215189031,-1.7066304333303342],[-78.679613838345801,-1.7066961441689186],[-78.679661238011775,-1.7067529245332058],[-78.679714597995627,-1.7067873215107234],[-78.679778362356217,-1.7068053121738875],[-78.679788661353356,-1.7068063606398487],[-78.679956819464905,-1.7067901612605318],[-78.679977159774879,-1.7067846554222714],[-78.680042455620935,-1.7067623440766542],[-78.680078058192393,-1.7067608948388375],[-78.680196729268275,-1.7067610389290209],[-78.680233809616482,-1.7067640688864327],[-78.680266428011478,-1.7067775434142047],[-78.680288643824227,-1.7068059318005966],[-78.680307888883874,-1.7068387939849472],[-78.680315258062492,-1.7068791068029892],[-78.680321146781623,-1.7069164310796434],[-78.68032405936782,-1.706961215891373],[-78.680310626956683,-1.7070298639613886],[-78.68028978061524,-1.7070955180906582],[-78.680252592850593,-1.7071820496368368],[-78.680233236802366,-1.7072417347943507],[-78.680201989652517,-1.7073223027713558],[-78.680148480132033,-1.7074118003188832],[-78.680090510433772,-1.7075102481511633],[-78.680084138827482,-1.7075227668358191],[-78.680054824573673,-1.7075803625405139],[-78.680031033403324,-1.707628099839529],[-78.680028285052558,-1.7076313924046842],[-78.679984982552412,-1.7076832742395116],[-78.679946359945376,-1.7077280085781481],[-78.679910715270211,-1.7077652832895238],[-78.679870596086403,-1.7078219573524585],[-78.679863105140953,-1.7078831484621726],[-78.679866010521494,-1.7079339040273249],[-78.679883738374812,-1.7079951266863771],[-78.67988472366801,-1.7079982673992185],[-78.679902948470669,-1.7080563511480735],[-78.679917722571858,-1.7081056286709586],[-78.679931032343475,-1.7081399770263874],[-78.679954709784539,-1.7081877719995182],[-78.679979894550144,-1.7082146715456621],[-78.680010965311382,-1.7082818812032667],[-78.680036130370809,-1.708325200585072],[-78.68003655282449,-1.7083257507171645],[-78.680039093359497,-1.7083316929407668],[-78.680044005402863,-1.7083354612674191],[-78.680071676540834,-1.7083715175206975],[-78.680079030582988,-1.7083824917129216],[-78.680026465219413,-1.7084052903344009],[-78.679994660366745,-1.7084197912605446],[-78.67996573058106,-1.7084459271652779],[-78.679929310809499,-1.7084875291636172],[-78.679923771289936,-1.7084938575079183],[-78.679871706428244,-1.7085345057716537],[-78.679832664987941,-1.7085591757812704],[-78.67980664607191,-1.7085678675384872],[-78.679757517418224,-1.7085707159112151],[-78.679738729852247,-1.708573601168212],[-78.679695380155607,-1.7085764565644339],[-78.679673695681913,-1.7085851535881531],[-78.679630328530337,-1.7086025485402212],[-78.679586949158846,-1.7086301213611468],[-78.679513198075981,-1.7086809202143558],[-78.679439458364826,-1.7087229956885628],[-78.679372923812508,-1.7087810739934834],[-78.679325156715507,-1.7088522601896421],[-78.67928460963833,-1.7089278177563951],[-78.679239677419474,-1.7090440806133946],[-78.679203463021636,-1.7091210970340527],[-78.679118003786201,-1.7092969233699755],[-78.67907440881072,-1.709397757833115],[-78.679047007229173,-1.7094611357996814],[-78.679028392435981,-1.7095101286143741],[-78.679000624342763,-1.7095832130392392],[-78.678987565060396,-1.7096282703650043],[-78.678957146196069,-1.7096922078279613],[-78.678929642566402,-1.7097343394779181],[-78.678900678693381,-1.7097895553244935],[-78.678851456519439,-1.7098694639639553],[-78.678800804655438,-1.7099362848814932],[-78.678735715436446,-1.7099943639350386],[-78.678627247645977,-1.7100785630258284],[-78.678560713855973,-1.7101351867057799],[-78.67849564295679,-1.7101772725919946],[-78.678446479339129,-1.7102091999625402],[-78.678339485770906,-1.7102686824518185],[-78.678286718632265,-1.7103068473843037],[-78.678241147992907,-1.7103398069371785],[-78.678193415747629,-1.7103819139082965],[-78.678147135906841,-1.7104182073611467],[-78.678080636224877,-1.7104472054994333],[-78.678056668172033,-1.7104596430524206],[-78.677996780397635,-1.7104907220554755],[-78.677931732225289,-1.7105139066678281],[-78.677862321631167,-1.7105603488972478],[-78.677801569419387,-1.7106155259451341],[-78.677711924141036,-1.7106677596949222],[-78.677656986762329,-1.7106938637910416],[-78.677580379787813,-1.7107170342940703],[-78.677500850501389,-1.7107663722522193],[-78.677356738418311,-1.7108358769596481],[-78.677350495889399,-1.7108388877297105],[-78.677239204617507,-1.7108678312194683],[-78.677185006121888,-1.7108801234291733],[-78.677051388476201,-1.710878610951571],[-78.676164949649859,-1.7108785365277235],[-78.676119404846261,-1.710705751162098],[-78.676096674842199,-1.7106330130848406],[-78.676085312142334,-1.7105947312376191],[-78.676064441536354,-1.7105564368965105],[-78.676049260087765,-1.7105315446002367],[-78.676020777324837,-1.7104989812255837],[-78.675986594784007,-1.7104625852796234],[-78.675935301397814,-1.7104242538566867],[-78.675870692879528,-1.7103897336355944],[-78.675794689420414,-1.7103437190380841],[-78.675703479186993,-1.7102938593776011],[-78.675597075107291,-1.710228673281089],[-78.675532472118491,-1.7101903256416793],[-78.67547168007043,-1.7101443295959948],[-78.675431802384054,-1.7101002727631565],[-78.675399523930054,-1.710061964533387],[-78.675361563232087,-1.7100045158421595],[-78.675325513508341,-1.7099394155261627],[-78.675289494625474,-1.7098494414741725],[-78.67526295650697,-1.7097805262316721],[-78.675225026650693,-1.7096982029093064],[-78.675194695123622,-1.7096216290924677],[-78.675177651080048,-1.7095642059103968],[-78.675145397963846,-1.709504850478363],[-78.675122624209308,-1.7094684675637895],[-78.67509984354524,-1.7094378257861815],[-78.675058066415374,-1.7093918529473116],[-78.67503338169314,-1.7093631207578521],[-78.674997290519059,-1.7093324627610318],[-78.674936508616369,-1.7092788128104581],[-78.674885215287915,-1.7092404823347398],[-78.674839308232038,-1.7092029864656031],[-78.672924687164269,-1.709202416687633],[-78.669979826378352,-1.7092015362406265],[-78.66959200015333,-1.7089196562861815],[-78.669455243407072,-1.7087970011605513],[-78.669385054386026,-1.7086728001942857],[-78.669116932929469,-1.7078297909448257],[-78.669013635355768,-1.7076727354817187],[-78.668783988635198,-1.7074783726064513],[-78.668639062754835,-1.7074256749960892],[-78.668254543029903,-1.707456663748085],[-78.668129262889579,-1.7074268605574567],[-78.668002765770311,-1.7073633377848223],[-78.667732588667235,-1.707182485043758],[-78.667366236169713,-1.7067492168959792],[-78.66709079984139,-1.7066091268789096],[-78.665916307846786,-1.7065564375093172],[-78.665411250792346,-1.7067226931278103],[-78.665315211695784,-1.7067298075252491],[-78.664985635568172,-1.7066406350787569],[-78.664726671091316,-1.7064740788386072],[-78.664697992845589,-1.706417726572923],[-78.664651775224257,-1.7060819363144293],[-78.664569101509542,-1.7059564549218138],[-78.663986854280438,-1.7057713340357401],[-78.663439766967443,-1.7054080841224775],[-78.663291537226826,-1.705116192736303],[-78.66323895744631,-1.7050650543406498],[-78.663156093790718,-1.7050226474273558],[-78.66228741936024,-1.7047997524229477],[-78.661974506059693,-1.7045261913103416],[-78.661913912314304,-1.704416375734503],[-78.661873872614763,-1.7042465619153842],[-78.661723734679924,-1.7031537543855204],[-78.661094578075321,-1.7026866299121493],[-78.660883286344443,-1.7024696008698663],[-78.660042133105733,-1.7013276789548808],[-78.660039173574745,-1.7013236074982907],[-78.659981597414316,-1.7012442594598596],[-78.658589651093521,-1.6993881673133646],[-78.658508445665404,-1.6994155116752145],[-78.658329124394015,-1.6994758955068463],[-78.658076588657508,-1.6994805256507579],[-78.657989080268692,-1.6994821300453882],[-78.657846612792525,-1.6994847421633574],[-78.657806867862604,-1.6994854710568272],[-78.657774331154457,-1.69948606773017],[-78.657495068330192,-1.6994911876586467],[-78.657386154513972,-1.6994931844265915],[-78.657229181726962,-1.6994960626311675],[-78.656997795617372,-1.6995003044336046],[-78.656996840103446,-1.6995000637165527],[-78.656781543254695,-1.6994458287804957],[-78.656612725359594,-1.6994033026825206],[-78.656447969321803,-1.699361799402912],[-78.656371109761835,-1.6993424375644766],[-78.656293912544101,-1.6993229912441379],[-78.656202910758324,-1.6993059606259577],[-78.656102317176774,-1.6992871356755932],[-78.65583490800141,-1.6992370920021804],[-78.655627709873855,-1.6991983165355495],[-78.655458509848373,-1.6991666519446837],[-78.655409340214803,-1.6991574510085756],[-78.655216321496624,-1.6991213287970555],[-78.655062939909286,-1.699092624104394],[-78.655023448304888,-1.6990852338727627],[-78.654838319788382,-1.698993795201392],[-78.654831251602175,-1.6989903035998888],[-78.654775567075902,-1.6989628003180481],[-78.65467935607353,-1.6989152799058571],[-78.654632486812986,-1.6988921300291988],[-78.654306770383371,-1.6987312517163793],[-78.654211769628773,-1.6986843294059997],[-78.654169149220877,-1.6986791916372297],[-78.654161374580042,-1.6986782546721835],[-78.654096954464109,-1.6986704886619941],[-78.653871924640498,-1.6986433623910058],[-78.653740745584159,-1.6986275490776097],[-78.653677547911741,-1.6986199309937462],[-78.653385265233069,-1.6985846971196921],[-78.65323597165893,-1.6985824129176117],[-78.653050873052791,-1.6985795814265845],[-78.652803880319652,-1.6985758037313883],[-78.652186541513359,-1.6985663599867689],[-78.652116528629165,-1.6985652890466534],[-78.652001611929634,-1.6985635304131843],[-78.651887484837602,-1.6985617844903567],[-78.651684532865005,-1.6985586806392841],[-78.651616251015852,-1.6985576353020226],[-78.651504756848965,-1.6985559296403971],[-78.651438010187974,-1.6985549087740273],[-78.65121701699799,-1.6985515278883521],[-78.650913444823914,-1.6985468843485159],[-78.65089385399007,-1.6985465846694647],[-78.650773198211255,-1.6985447384905801],[-78.650507946331658,-1.6985406805399643],[-78.650332377034744,-1.6985730353095438],[-78.650205561673019,-1.6985964047185096],[-78.65009472268089,-1.6986168304943419],[-78.649695511789687,-1.6988036953277332],[-78.649675850628483,-1.6988036224403378],[-78.649688271886845,-1.698768403154042],[-78.649698637413564,-1.6987468907851022],[-78.649718094738162,-1.6987090071067152],[-78.649757114105924,-1.6986417262373694],[-78.649779272470425,-1.6985965491083399],[-78.649797146160012,-1.6985571077733674],[-78.649806455679396,-1.6985241129296176],[-78.649810041872769,-1.6985068969083288],[-78.649809361578235,-1.6984796308761925],[-78.649805836102445,-1.6984466203201973],[-78.649795887088104,-1.6984193429424166],[-78.649780252883644,-1.6983755550340001],[-78.649757182323199,-1.6983267057995108],[-78.649721234663616,-1.6982405895767143],[-78.649698468872131,-1.6981982275252403],[-78.649652932951781,-1.6981170921355471],[-78.649633448831395,-1.6980879789036574],[-78.649623959956585,-1.6980724210118316],[-78.649607958312956,-1.6980383194804836],[-78.6495922498586,-1.6980069084890106],[-78.649584848323741,-1.6979856735816661],[-78.649578636331711,-1.6979635424996165],[-78.649572723671099,-1.6979390199100051],[-78.649564432101755,-1.6979168862832179],[-78.649549626327698,-1.6978759098063025],[-78.649533341074331,-1.6978304469817662],[-78.649522377778624,-1.69780621742268],[-78.649517339068964,-1.6977966437604519],[-78.649498052232218,-1.6977759918265471],[-78.649467489762358,-1.6977442643553413],[-78.64943396816065,-1.6977029657684017],[-78.64940800155334,-1.6976644452527108],[-78.649372374103038,-1.6976084620002885],[-78.649355981598262,-1.6975766714213445],[-78.649350451016943,-1.6975697403328196],[-78.649332097623713,-1.69755346560722],[-78.649319274811987,-1.6975441219701761],[-78.649291250796708,-1.697525910883761],[-78.649263221002428,-1.69751248263371],[-78.649230437378023,-1.6974990494703934],[-78.64920287007098,-1.6974961456680988],[-78.649180055438407,-1.6974942040693626],[-78.649161044229217,-1.6974922671248651],[-78.64913965289459,-1.6974922409469884],[-78.64911778635701,-1.697492214187331],[-78.649094967100467,-1.6974940999409063],[-78.649075000541188,-1.69749551008745],[-78.649057883786156,-1.6974988383046867],[-78.649037906821277,-1.6975088586389999],[-78.649024587708681,-1.697516974345656],[-78.649001748477232,-1.6975346449891915],[-78.648972722610196,-1.6975590054853675],[-78.648945593251014,-1.6975876729494945],[-78.648920833546995,-1.6976216052522113],[-78.648887028987431,-1.6976665276513092],[-78.648845611538988,-1.6977171817660037],[-78.648822766263351,-1.6977405925274853],[-78.648782311680762,-1.6977816812280322],[-78.648718075870363,-1.6978342201732566],[-78.648681452724901,-1.6978513957351402],[-78.648648164418489,-1.6978623570521885],[-78.648614407849308,-1.6978675776626186],[-78.64858683303261,-1.6978708921620209],[-78.648561164553868,-1.6978703825415471],[-78.648526940879975,-1.6978689060588514],[-78.648501751655033,-1.6978650478609483],[-78.648472287016759,-1.6978592716535401],[-78.648454228792062,-1.6978544667030404],[-78.648429049721486,-1.6978429547071627],[-78.648403410793321,-1.6978232089016594],[-78.648390591384015,-1.6978051185717866],[-78.648359263211134,-1.6977677693613205],[-78.648332681605993,-1.6977356879009677],[-78.648273098521614,-1.6976586339188671],[-78.648232067326305,-1.6976030626076957],[-78.648191724956504,-1.6975513520410084],[-78.648166096973284,-1.6975173580757057],[-78.648136208295384,-1.697468530375829],[-78.648114870181914,-1.6974244968887344],[-78.648098285636081,-1.6973814256092388],[-78.648087400953088,-1.697341231373436],[-78.64807556470754,-1.6973019923603268],[-78.648056159530185,-1.6972321297545352],[-78.648050021730995,-1.6971976814614951],[-78.648043398577798,-1.6971708863824411],[-78.648037711694471,-1.6971565290964361],[-78.648026798096737,-1.697140251734605],[-78.648014932936249,-1.6971249304990934],[-78.647991199725425,-1.6970966789925228],[-78.647959397195962,-1.6970578937370173],[-78.647916681389844,-1.6970033102204418],[-78.647875154568183,-1.6969564669405401],[-78.647846892917386,-1.6969305167940754],[-78.647804162082792,-1.6968883699095441],[-78.647777581646537,-1.6968553311815842],[-78.64775527346994,-1.6968275605230554],[-78.647731550672418,-1.6967906988433816],[-78.647706767129904,-1.696750738004839],[-78.64766654115563,-1.6966963853465704],[-78.647637118179006,-1.6966561684361536],[-78.647608182805172,-1.6966049500608889],[-78.64758116738264,-1.6965393837171134],[-78.647561713482901,-1.6964867884713344],[-78.647540435071591,-1.6964163993094745],[-78.647532396456512,-1.6963819487047231],[-78.647526737321755,-1.6963446309484074],[-78.647525351282297,-1.6963111448721107],[-78.647523030445498,-1.6962647419124615],[-78.647524512444321,-1.6962188227037169],[-78.647528849702098,-1.6961695587314769],[-78.64753270224962,-1.6961289043575458],[-78.647537966789429,-1.6960987746761602],[-78.647550885553784,-1.6960294307552737],[-78.647560910846948,-1.6959935667699433],[-78.647568072208301,-1.6959682240532992],[-78.647577618829402,-1.6959352295453411],[-78.647590975221249,-1.6958969786670766],[-78.647602433372413,-1.695855854497671],[-78.647628653695719,-1.695787683004164],[-78.647630092509644,-1.6957827012482309],[-78.647637524823338,-1.6957293750570597],[-78.647639211883273,-1.6957100044138127],[-78.647643073339538,-1.6956612180468018],[-78.647643108008893,-1.6956325174476654],[-78.647641711293332,-1.6956085979352931],[-78.647637936768177,-1.6955846764184446],[-78.647618657304577,-1.695476886674798],[-78.647602495551084,-1.6954109937389059],[-78.647595887400229,-1.6953717611464942],[-78.647592594750392,-1.6953430564788841],[-78.647592138324441,-1.6953275096650211],[-78.647593169171813,-1.6953025571877101],[-78.647597430027133,-1.6952756163389191],[-78.64760317006855,-1.6952459654273557],[-78.647614167435094,-1.6951928831425795],[-78.64762803366375,-1.6951259313338312],[-78.647643827844277,-1.695036500465043],[-78.647649116936421,-1.6949867585506231],[-78.647655830477149,-1.6949379756681706],[-78.647659682406896,-1.6948977994790302],[-78.647663033977707,-1.6948777131273889],[-78.647667815518176,-1.6948547584597409],[-78.647676398418881,-1.6948327648262811],[-78.647704533028119,-1.6947846291493154],[-78.647718793243513,-1.6947596304698074],[-78.647735473122268,-1.6947237746049442],[-78.647747400400021,-1.6946883920265241],[-78.64775838503634,-1.6946458326820666],[-78.647780360334679,-1.6945549738693169],[-78.647802363660574,-1.6944416327649703],[-78.647818126032277,-1.6943785106106766],[-78.64783913967851,-1.6942976962916827],[-78.647845365864313,-1.6942589575768023],[-78.647849680271278,-1.6942293058164426],[-78.647847830520107,-1.6941862525866993],[-78.647844522258055,-1.6941704627364877],[-78.647840273084284,-1.6941460615427291],[-78.647824186189368,-1.6940843359477491],[-78.647809983040872,-1.6940360056877848],[-78.647796237264245,-1.6940039399877844],[-78.64778722965498,-1.693983359432045],[-78.647768712168443,-1.6939661164179187],[-78.647753994309895,-1.6939512699179837],[-78.647716482339916,-1.6939167833081668],[-78.647650471529332,-1.6938645632971274],[-78.647531755704549,-1.6937630087016755],[-78.647436858622996,-1.693688820690739],[-78.647370777331105,-1.6936250489380476],[-78.647282459510848,-1.6935441010502512],[-78.647218846994804,-1.6934741845114514],[-78.647149048971741,-1.6934085659658666],[-78.647076887066078,-1.6933328997673449],[-78.647050310084026,-1.6932969910549573],[-78.647035593390513,-1.6932811881792946],[-78.647023744389685,-1.6932524721685407],[-78.647009533487264,-1.6932113175384651],[-78.646973091525481,-1.6930829355553469],[-78.646961917030012,-1.6930349588599074],[-78.646954229166141,-1.6929524652189327],[-78.646954733797514,-1.6929280707536154],[-78.646956671279881,-1.692898415202222],[-78.646958602412823,-1.6928740224794088],[-78.646962908976576,-1.692850109947424],[-78.646969603984203,-1.6928166346620195],[-78.646989189889936,-1.6927367750193616],[-78.647005438673332,-1.6926650432938339],[-78.647014525582961,-1.6926191324817568],[-78.647020258642627,-1.6925952225940335],[-78.647034100512016,-1.6925483621057809],[-78.647055563872527,-1.6924885951887094],[-78.647070554543603,-1.6924522644864366],[-78.647075226874051,-1.6924416215804301],[-78.647124979585229,-1.6923364029973547],[-78.646057614276955,-1.6923363621683623],[-78.646045865325277,-1.6922872693212543],[-78.646020472843944,-1.692248701744947],[-78.645938703403232,-1.6921613547189567],[-78.645829792086147,-1.6920774827972773],[-78.645543772653298,-1.6918356849565144],[-78.645517843580279,-1.6918137639912867],[-78.645473118158748,-1.6917734706662344],[-78.645364478488275,-1.691665516822962],[-78.645230304948967,-1.6915446350647352],[-78.645185713740943,-1.6915003256389547],[-78.645055175447894,-1.691355780975569],[-78.645027219940431,-1.6913248252213615],[-78.645010328490486,-1.6912829577756108],[-78.644862117241658,-1.691042182671824],[-78.644742346644904,-1.6908554048596454],[-78.644719427399181,-1.6908196624971721],[-78.644620473637858,-1.6906562927465485],[-78.644528387693015,-1.6905045860950878],[-78.644432653934629,-1.6904205215855601],[-78.644381514308179,-1.6903760848840994],[-78.644348559150856,-1.6903650181974865],[-78.644106700062764,-1.6903411540258011],[-78.643998905258002,-1.6903305175210146],[-78.643962847312437,-1.6903269598113968],[-78.643972125808389,-1.6905221259581735],[-78.643936040290356,-1.6905473826738651],[-78.643867835900323,-1.6905951194757496],[-78.643796642012035,-1.6906860074180545],[-78.643655719701314,-1.6908578017819091],[-78.643588026674209,-1.6909403242508638],[-78.643424076349646,-1.6911419380775847],[-78.643284789922575,-1.6912935038208958],[-78.643185072110867,-1.6914031183701135],[-78.643095067320985,-1.6914943628631118],[-78.643025250099555,-1.6915639561046039],[-78.642919199264,-1.6916802503089368],[-78.642843130887698,-1.6917631294303888],[-78.642794706317659,-1.6918158900557749],[-78.642650229337946,-1.6919667713016322],[-78.642627532040478,-1.6919875652148821],[-78.642421999124565,-1.6921758668180595],[-78.642314989753842,-1.6922728114917467],[-78.642278761199208,-1.692310842599392],[-78.642244833995676,-1.6923377976636023],[-78.642201070598318,-1.6923601395652654],[-78.642038039327602,-1.6924268949989187],[-78.641972416055822,-1.692457216452931],[-78.641922142904846,-1.6924890382689],[-78.641777682825094,-1.692602077101937],[-78.64159492560789,-1.692773020557212],[-78.641458236531889,-1.692915158942162],[-78.641391250672413,-1.6930018202642476],[-78.641287965300236,-1.6931665820573236],[-78.641250653209994,-1.6932166225909513],[-78.641002873838204,-1.6934889314054709],[-78.640811522338936,-1.6932850219450208],[-78.640683008107359,-1.693153602435739],[-78.640589574316763,-1.6930473747818897],[-78.640434474002092,-1.6928825976189201],[-78.64030436491781,-1.6927537551798715],[-78.640058995967237,-1.6924950806294936],[-78.639903411725058,-1.6923034257448002],[-78.639795792368787,-1.6921665160271906],[-78.639729700875804,-1.6920775078884909],[-78.639623612502604,-1.6919463184711074],[-78.639467903356405,-1.6917941137885912],[-78.639384564561325,-1.6917192304977109],[-78.639341064214506,-1.6916734309332615],[-78.639296010424843,-1.6916167287135153],[-78.639212507119097,-1.6915048193701427],[-78.639188090470668,-1.6914729098034675],[-78.639056814322103,-1.6913049792289121],[-78.638981125967518,-1.6912192741918484],[-78.638893607958224,-1.6911090476454669],[-78.638672830088339,-1.6908608758538182],[-78.638646898280939,-1.6908317269241786],[-78.638535566275408,-1.6907112566060052],[-78.63842185394148,-1.6905876954888797],[-78.638228956732519,-1.6903869502926365],[-78.638036059560307,-1.6901862060367259],[-78.637870557716141,-1.6900174337473899],[-78.637824994350467,-1.6899751010894788],[-78.637775478435358,-1.6899290962660323],[-78.637744971421199,-1.6899060669300578],[-78.637726720343025,-1.6898922900715536],[-78.637587175803816,-1.6897182208150261],[-78.637441765159352,-1.6895369326846075],[-78.637423585017544,-1.6895142673717558],[-78.637397054113308,-1.6894687417746159],[-78.637225111382477,-1.6895795499711788],[-78.637129524302736,-1.6896326548339746],[-78.637017734601955,-1.6897006821445268],[-78.636869101002148,-1.6897734471205657],[-78.636721061723421,-1.6898450168712791],[-78.636611078275138,-1.6898939115182205],[-78.63655757522109,-1.6899159692600068],[-78.636308014623054,-1.6900036070460516],[-78.636158788959648,-1.6900497245407431],[-78.636045192231279,-1.6900773800100912],[-78.635953065458864,-1.690099987905967],[-78.635875207222398,-1.6901166345558556],[-78.635787842904676,-1.6901320736267949],[-78.635555929112016,-1.6901657309176021],[-78.635386946362246,-1.6901822071025905],[-78.635368879285863,-1.6901841781668643],[-78.635228046702053,-1.6901929745337336],[-78.63513912507031,-1.6901925853135991],[-78.634753913818869,-1.6901907562655436],[-78.634717647634204,-1.6901887610822832],[-78.634537028496766,-1.6901777772231874],[-78.634174309559356,-1.6901598094269128],[-78.634091043283178,-1.6901537891694673],[-78.633821471066838,-1.6901336666302196],[-78.63375573644899,-1.6901271905776922],[-78.633688599619717,-1.690122922956945],[-78.633644633497411,-1.69011928126293],[-78.633605425653784,-1.6901126560479396],[-78.633555523478222,-1.6901054202059156],[-78.633426404538099,-1.6900855214170971],[-78.633259082598641,-1.6900578207929882],[-78.633129583413236,-1.6900307550286069],[-78.632993171637594,-1.6899905455167297],[-78.632804106884151,-1.6899233138843655],[-78.632687100612927,-1.689878937476164],[-78.632584949549425,-1.6898381525975541],[-78.632572155890912,-1.6898316320961275],[-78.63250953356291,-1.6898009891908092],[-78.63245490231499,-1.6897734177598207],[-78.632370587266806,-1.6897248817235804],[-78.632272016038684,-1.6896721438271936],[-78.632103753234745,-1.6895670397427232],[-78.632098165378196,-1.6895637316721752],[-78.63192299260669,-1.6894433406089751],[-78.631777773977731,-1.6896397600364386],[-78.631735389857297,-1.6897042832777369],[-78.631641583236174,-1.6898390605225635],[-78.631555962410374,-1.6899600165030659],[-78.631489346488976,-1.6900544857500404],[-78.631411121026474,-1.6901645265808569],[-78.631308160268816,-1.6903019229910505],[-78.631185549735719,-1.6904745717571323],[-78.631055802568852,-1.6906513978949054],[-78.630961165879526,-1.6907846191672116],[-78.630831410121232,-1.6909692182547313],[-78.630743919248218,-1.6910898915356058],[-78.630659995676652,-1.6912081773392087],[-78.630599753136892,-1.6912892143941693],[-78.630518667751431,-1.691418922301579],[-78.630513158222385,-1.6914265773767192],[-78.630307636598872,-1.6917046189773171],[-78.630165982486005,-1.6919005640060638],[-78.629981551128466,-1.6921650251759319],[-78.629945161459815,-1.6922130061500364],[-78.629792261845381,-1.6924316144960894],[-78.629716013999953,-1.6925314175233546],[-78.629571981383691,-1.6927285553309332],[-78.629444070993429,-1.6929170413804941],[-78.629332704303167,-1.6930708706018678],[-78.629162760590631,-1.6933010670893007],[-78.628983490363311,-1.6935700023352951],[-78.628707972906938,-1.6939524384820421],[-78.628694379466708,-1.6939713069525082],[-78.628663900266446,-1.6939323157121109],[-78.62864320002501,-1.6939050082542977],[-78.628541276384709,-1.6937705528942215],[-78.628374141083555,-1.6935432426737438],[-78.628306580009806,-1.6934595599492699],[-78.628209580489866,-1.6933394147195786],[-78.628098996816746,-1.6932061491924648],[-78.628046029496971,-1.6931423179092846],[-78.627764569754532,-1.6927828016576909],[-78.627622448122878,-1.6925903920629832],[-78.627482342175213,-1.6924172670097504],[-78.627480381460316,-1.692414843833232],[-78.627296922344854,-1.6921685264160116],[-78.627067434566968,-1.6918670814084587],[-78.626980079096057,-1.6917351879002978],[-78.626956875906274,-1.6917015136451374],[-78.626652488889732,-1.6913054701539605],[-78.626548951046473,-1.6911770487157269],[-78.626250593296632,-1.6907759552501187],[-78.626193738064657,-1.6907049040339965],[-78.626078271427119,-1.6905606082946065],[-78.626021470918019,-1.6904896240502076],[-78.62581223655971,-1.690218910408696],[-78.625751606629947,-1.690131692080147],[-78.625617289328616,-1.6899512950443181],[-78.625505449631618,-1.6897932838127112],[-78.625136987036996,-1.6892236973247203],[-78.624560783696566,-1.6894432998520659],[-78.624366287896862,-1.689513272361441],[-78.624336788356786,-1.6895242044833647],[-78.62388551148338,-1.6896914340965365],[-78.623594458367307,-1.689800294448973],[-78.622925033602371,-1.6900511009299053],[-78.62273565919385,-1.6901253523434441],[-78.622496362467032,-1.6902041206572358],[-78.62239876054602,-1.6902333233087554],[-78.622307212394986,-1.6902549638132431],[-78.622301001113911,-1.6902185011350626],[-78.622264071619242,-1.6898635296569486],[-78.622251207305297,-1.6898007577269831],[-78.622224071670558,-1.6896880001845298],[-78.622117948778509,-1.6893826638447911],[-78.62209919886169,-1.689311792598615],[-78.622094458183,-1.6892840864049072],[-78.622090693147911,-1.6892540772688318],[-78.622087177577342,-1.6891947428016063],[-78.622087432742347,-1.6891319310004522],[-78.622088523329097,-1.689091996251217],[-78.622089631804471,-1.6890513853764411],[-78.622102702901117,-1.6888444614645626],[-78.622103466271682,-1.6887493199508701],[-78.622102809871578,-1.6886686035797374],[-78.622096598400347,-1.6885487966911741],[-78.622090461239992,-1.6885008450321617],[-78.622052131655096,-1.6883204083716403],[-78.622037287493825,-1.6882605736405831],[-78.622015045020646,-1.6881882120344909],[-78.621972880854344,-1.6880792696488747],[-78.621927393375429,-1.6879781748044775],[-78.621891708371152,-1.6878745338807721],[-78.621834198207964,-1.6876463681972609],[-78.621773225127626,-1.6873531678972977],[-78.621756939096144,-1.6872741986109243],[-78.621659310689267,-1.68688999696196],[-78.62162060203913,-1.6866754361816299],[-78.621613416021518,-1.6866264301646656],[-78.621597662224701,-1.6865455885848297],[-78.621557389542673,-1.6863872997914684],[-78.621535611467209,-1.6863001178022483],[-78.621534018448941,-1.6862937602393946],[-78.621491964366157,-1.6861259299876348],[-78.621458434536905,-1.6860057993979503],[-78.621428988552353,-1.6858395963918889],[-78.62137292411721,-1.6855976267535095],[-78.621347166757431,-1.6855147706701117],[-78.621170898929563,-1.6850653726141314],[-78.621131158759539,-1.684955249188411],[-78.621090537761859,-1.6848248230991396],[-78.621049145475311,-1.6847170587453215],[-78.620871703681672,-1.6841594460753055],[-78.620850494640763,-1.6840970255724943],[-78.620812888203488,-1.6839518229138521],[-78.620745769170242,-1.6837203626205746],[-78.620704838424814,-1.6836112348407786],[-78.620571075014595,-1.6831494348991116],[-78.620505758892051,-1.6829112036710649],[-78.620465000052292,-1.682546203406442],[-78.620457177249904,-1.6823703450257164],[-78.620448768179358,-1.6823438908557742],[-78.62044039311499,-1.6823175424887886],[-78.620301600020838,-1.6823351372138036],[-78.620074920610492,-1.6823493363866151],[-78.61983893574255,-1.6823755582422246],[-78.619602696175363,-1.6823888769226978],[-78.619249762589845,-1.6824217110924136],[-78.619017826156764,-1.6824392391917649],[-78.618870466263871,-1.6824598180072075],[-78.618598639453907,-1.682497777565235],[-78.618419052859196,-1.6825309962750865],[-78.61801311055612,-1.6826242917889973],[-78.617896703533049,-1.6826531009292505],[-78.617813943307155,-1.682668627376795],[-78.617553315550751,-1.6827021006827139],[-78.617365103508646,-1.682714087801874],[-78.617000641651615,-1.6827530350390287],[-78.616746290465997,-1.6827804495973544],[-78.616614176196691,-1.6827996684168869],[-78.616243201914713,-1.6828357202827027],[-78.616128888897791,-1.6828475134220411],[-78.615986219007809,-1.6828549074580352],[-78.615860616681744,-1.682852466863066],[-78.615810144072256,-1.6828459596931291],[-78.615754684418917,-1.6828355983287391],[-78.615689836380469,-1.6828330309017783],[-78.615538096743293,-1.6828270237356893],[-78.615362413733521,-1.6828275080884838],[-78.615302809576562,-1.6828207374726389],[-78.615197571354869,-1.6827975268520743],[-78.614986659272844,-1.6827836277778379],[-78.614792608484962,-1.6827744092285528],[-78.614728182332684,-1.6827817385816231],[-78.614682929129359,-1.682802268204115],[-78.614647803915858,-1.6828309945255799],[-78.614594270613381,-1.6829045442379191],[-78.614392663121151,-1.683235510648577],[-78.614318521077806,-1.683338225730947],[-78.614260951482564,-1.6834548519866652],[-78.61422255242681,-1.6835408530117957],[-78.614207262818638,-1.6835837123529469],[-78.614189046663739,-1.6836110303430061],[-78.614178343621901,-1.6836192113325656],[-78.614164205068661,-1.683630018541713],[-78.614130692165247,-1.683637389527739],[-78.613935134319178,-1.6836538451997349],[-78.613851074184382,-1.6836585080858339],[-78.613525559299489,-1.683677746803071],[-78.613290766891865,-1.6836880651453467],[-78.613053217501218,-1.6836904380881006],[-78.61299206095407,-1.6836883053576968],[-78.61293970962538,-1.683681488442333],[-78.612798322627953,-1.6836535425949504],[-78.612750658210075,-1.6836381187667011],[-78.612700107597959,-1.6836168203270057],[-78.612543946801949,-1.6835622146075824],[-78.612431058743255,-1.6835326397393122],[-78.612401181096843,-1.6835201720063961],[-78.612382500052973,-1.6835080380682856],[-78.612378167243108,-1.6835024843793314],[-78.612371949716376,-1.6835221300515584],[-78.612320846888267,-1.6838275226680273],[-78.61230975141649,-1.6838894664400132],[-78.61229761043856,-1.6839572374888561],[-78.61227685755432,-1.6841630521553015],[-78.612179877905277,-1.6841630310835316],[-78.612138758971724,-1.684152256098951],[-78.612107439424932,-1.6841414046142313],[-78.612071856460858,-1.6841336682514094],[-78.612041803926218,-1.6841283549245571],[-78.612003775982117,-1.6841212537231001],[-78.611963877676175,-1.6841098529127445],[-78.611929505161697,-1.6841002577459525],[-78.611866329471326,-1.6840884214551808],[-78.611833718829004,-1.6840689511763065],[-78.611806610781031,-1.6840482059065403],[-78.61177895684574,-1.6840360943392647],[-78.611723134666732,-1.6840248167094842],[-78.611645773782328,-1.6840001469489263],[-78.611593692333301,-1.6839974694369124],[-78.611536745016778,-1.6839991437856114],[-78.611498123016759,-1.6839945122980979],[-78.611438061527835,-1.6839894313229171],[-78.611393249187401,-1.6839762201964483],[-78.61135948004366,-1.6839653873822489],[-78.611326869417695,-1.6839459180089009],[-78.611280663027287,-1.6839105289636658],[-78.611239379073339,-1.6838781832080778],[-78.611208035460606,-1.6838642510874819],[-78.611160119133444,-1.6838455158119636],[-78.611101248654776,-1.6838361109823579],[-78.611050910545629,-1.6838210933084992],[-78.610991927842051,-1.683796897279209],[-78.610950761668974,-1.68377995921472],[-78.610894855136152,-1.6837575884061864],[-78.610856092197338,-1.6837344685960927],[-78.61079461218192,-1.6836956239628114],[-78.610735247280616,-1.6837101356863855],[-78.610680815467418,-1.6837204194706152],[-78.610620240605201,-1.6837282857880136],[-78.61055971767037,-1.6837429307601604],[-78.610483897416231,-1.6837595436989725],[-78.610378713320387,-1.683780698820152],[-78.610335206039608,-1.6837779541267051],[-78.6102354679782,-1.6837904382022206],[-78.610148472879004,-1.6837874147604013],[-78.610043811503246,-1.6837968555343161],[-78.609964213449842,-1.6837999382381534],[-78.609874816033255,-1.6838030974293101],[-78.609813520091166,-1.6837967927777795],[-78.609742316304178,-1.6837763899170493],[-78.609659989593624,-1.683743130255956],[-78.609617010575562,-1.683729287719727],[-78.609556387576376,-1.6837309900234965],[-78.609506822566956,-1.6837369219146949],[-78.609439586644328,-1.6837547006215501],[-78.609362801683147,-1.6838052197108042],[-78.609273150475701,-1.6838552212248965],[-78.609195102250467,-1.6839008195377445],[-78.609143784647372,-1.6839178585726475],[-78.609108376083626,-1.6839329249817281],[-78.60907798540012,-1.6839633617169516],[-78.609055114131436,-1.6840159269502417],[-78.609025704134808,-1.6840944296657741],[-78.608997396105138,-1.6841568988898745],[-78.608973111350963,-1.6841848229942402],[-78.60892725832565,-1.68419565603465],[-78.60888366116599,-1.6841812016540254],[-78.608805640567212,-1.6841503743279289],[-78.608735803927615,-1.6841484503841087],[-78.608705252854179,-1.6841579319568376],[-78.608664355621585,-1.6841761227871281],[-78.608650298384674,-1.6841799299598859],[-78.6086226482727,-1.684168433954921],[-78.608581972433129,-1.684135467947762],[-78.608555844076051,-1.684082665955116],[-78.608539802485438,-1.6840673814488725],[-78.608510952106784,-1.6840589763130738],[-78.608465452148081,-1.6840359087294825],[-78.608424870871787,-1.6840152679501379],[-78.608386889422391,-1.6840143297619032],[-78.608354962890346,-1.6840041003083646],[-78.608311940381583,-1.6839847111709159],[-78.608253890143587,-1.6839222953183963],[-78.608115314518599,-1.6839222217786629],[-78.608139630625956,-1.6838111396673916],[-78.608162556536044,-1.6837064068566601],[-78.60821867573641,-1.6832404507082381],[-78.60823022885981,-1.6830684224162031],[-78.608212775335431,-1.6826145477532684],[-78.60818881571447,-1.6824951431935653],[-78.608136318489343,-1.682349512913264],[-78.607998221516965,-1.6821299836800199],[-78.607874495165476,-1.6819797079183973],[-78.607748483787333,-1.6818772165788125],[-78.607553629397458,-1.6817772418175783],[-78.607318420783372,-1.6816797320052241],[-78.607230547099306,-1.6816607829403489],[-78.607121342183973,-1.6816609862479661],[-78.607078631787516,-1.6816730109579519],[-78.607035917117202,-1.6816826465722909],[-78.606964727427098,-1.6816995019893679],[-78.606905362982459,-1.6816924458590705],[-78.606862596124941,-1.6816734132465971],[-78.60681506300007,-1.681644833765366],[-78.606743750044103,-1.6815947981680752],[-78.606677198189644,-1.6815519203469202],[-78.606567917965734,-1.6815115108529524],[-78.60651328044456,-1.6814925006531629],[-78.606396883005218,-1.6814544931567699],[-78.606297148166092,-1.6814403446727888],[-78.606135705615742,-1.681435867092566],[-78.60593395340014,-1.6814577435306328],[-78.605658671638551,-1.6815155914335382],[-78.605433178139009,-1.6815375126079841],[-78.605072300370892,-1.6815238496923932],[-78.604915614771969,-1.6815241415864204],[-78.604744645048115,-1.6815029583545491],[-78.604575975059888,-1.6814411580954707],[-78.604430983915492,-1.6813458684979685],[-78.60427880452292,-1.6812147563708448],[-78.60417413678384,-1.6811002791913974],[-78.60409321800978,-1.6809905363057969],[-78.603971773975971,-1.6807900865678],[-78.60376231533877,-1.6804942405397549],[-78.603674269928447,-1.6803821215162988],[-78.603602935854724,-1.6803201396404737],[-78.603579150935644,-1.6802962944679138],[-78.603522135178849,-1.6802748994858732],[-78.603450927721909,-1.6802821984521996],[-78.60338695126508,-1.6803492089973715],[-78.603308875504823,-1.6804950834126544],[-78.603240463057247,-1.6807317205141841],[-78.60313401323279,-1.6809397618300046],[-78.60297803344541,-1.6813246803712933],[-78.602831312281637,-1.6815805754596485],[-78.602757928191323,-1.6816953839070778],[-78.602679759878484,-1.6817910891420589],[-78.602568364977103,-1.6818916344852906],[-78.602452151714076,-1.6819539648269102],[-78.6023003137106,-1.6820091941281108],[-78.602167398658651,-1.6820261636774798],[-78.602053432168589,-1.6820192089061543],[-78.601889562048882,-1.6819860670933329],[-78.601680533208551,-1.6819243423749366],[-78.601571274817502,-1.6818958772355681],[-78.601457263914867,-1.6818650325029583],[-78.60131482167057,-1.6818652973936179],[-78.601096471614781,-1.6818991486617054],[-78.600856786110569,-1.681949763023427],[-78.600750001848851,-1.6819762406615568],[-78.60068355550672,-1.6819906980841484],[-78.6006336963884,-1.6819884018704421],[-78.600588571826989,-1.6819789298204908],[-78.600531546774903,-1.6819527565610357],[-78.600407925855578,-1.6818598155251625],[-78.600317550340279,-1.6817715907509712],[-78.600269911554349,-1.6816856750760072],[-78.600150533885284,-1.6813179900818425],[-78.600086080616407,-1.6811246003194225],[-78.60002882741783,-1.6809741993541625],[-78.599985936872272,-1.6808882742253393],[-78.599952599195063,-1.6808333890812754],[-78.59991071576006,-1.6808002770778545],[-78.599884828565507,-1.6807657666054947],[-78.599829773619618,-1.6806968193428098],[-78.599759511594186,-1.6806259396604868],[-78.599683528332363,-1.6805684463733856],[-78.599594223802683,-1.6805205028558214],[-78.59949351689427,-1.6804687189169998],[-78.599369986168369,-1.6804226466716015],[-78.599221766867913,-1.6803535832714269],[-78.599007723184926,-1.6802789696873388],[-78.598964736819994,-1.6802582771763404],[-78.598893956427091,-1.680230151649194],[-78.598807648124719,-1.6801825851733483],[-78.598798644689055,-1.680178274061555],[-78.598761017229009,-1.6801591790909705],[-78.59872505031062,-1.6801433131880155],[-78.598671180735707,-1.680119550138907],[-78.598632761023765,-1.6801019149319369],[-78.59860271646042,-1.6800903879662119],[-78.598570727280119,-1.680075081995642],[-78.598330854029797,-1.6799946703213717],[-78.598085646310068,-1.6799427075946629],[-78.597903590953806,-1.6799100060965919],[-78.597754875841702,-1.6798925516697114],[-78.597439745469728,-1.6798259645526734],[-78.597244953434227,-1.679769990195104],[-78.596965010258032,-1.679674537309203],[-78.596963648781582,-1.6796735639056395],[-78.596936554757093,-1.6796542053771084],[-78.596690452868231,-1.6795624136953042],[-78.596657152965975,-1.6795553688716309],[-78.596402624111704,-1.6794925808983467],[-78.596254835173184,-1.6794539341773123],[-78.596155030436762,-1.679441852608659],[-78.596040986272016,-1.6794130118417694],[-78.59592935693523,-1.67935308271761],[-78.595846278685343,-1.6792668811655671],[-78.59577516631586,-1.6791137281901685],[-78.595727773362185,-1.6789988712745385],[-78.595704188433743,-1.6788505607170845],[-78.595685335729627,-1.6787189975820529],[-78.595680685346707,-1.6786352840248135],[-78.595685566665978,-1.6785300580476965],[-78.595702299818669,-1.6784511554202972],[-78.595721509137377,-1.6782909389280634],[-78.595712224048498,-1.678109163859336],[-78.595686250549832,-1.6779704165810234],[-78.595641307382024,-1.6777957718426413],[-78.595593888965823,-1.6777024391645499],[-78.595562499762465,-1.6776688891934],[-78.595681676652347,-1.6776689154964923],[-78.595689422212999,-1.6776727179394473],[-78.595740704687088,-1.6776978914583691],[-78.59589196515671,-1.6777851562052002],[-78.595959090760644,-1.6778290677686407],[-78.595966535897517,-1.677833938277917],[-78.596090237732852,-1.6778322057092572],[-78.596146444068935,-1.6778209653420817],[-78.596346493195654,-1.6778189511558748],[-78.596427446282121,-1.6777896466409885],[-78.596539826726229,-1.6777943097604546],[-78.596618430167396,-1.6778486921071856],[-78.596631866943937,-1.6778894223543623],[-78.596672250957184,-1.6779505431960522],[-78.596690116334372,-1.6780455640664484],[-78.596710216241917,-1.6781518975976373],[-78.596712355945698,-1.6782401132653637],[-78.596721288627421,-1.6782876237032684],[-78.596725690486991,-1.6783645331791766],[-78.59680647784603,-1.6784709408869809],[-78.597064787576087,-1.6786160211334344],[-78.597179371364561,-1.6786568765180545],[-78.597365887250618,-1.6786932976412774],[-78.597532223127502,-1.6786889792359674],[-78.597678393685669,-1.6786326132158216],[-78.597790873720413,-1.6785558482264293],[-78.597856655527337,-1.6785292502369014],[-78.597878098509582,-1.6785155804865339],[-78.59792034424396,-1.6785034993436225],[-78.59798399648335,-1.6785010027665084],[-78.598027398672173,-1.678502583159641],[-78.598065906333474,-1.6784459510761571],[-78.598090154309617,-1.6784133855297323],[-78.598126517010584,-1.6783743303166809],[-78.598159956067676,-1.6783623295708012],[-78.598207708044839,-1.6783599109462446],[-78.598265658478155,-1.6783688871494244],[-78.598349219188933,-1.6783890123829699],[-78.598461643978595,-1.6784163766737858],[-78.598575786641248,-1.6784463735080035],[-78.598657573887579,-1.6784755873201669],[-78.598727719922877,-1.6785001477991366],[-78.598790523998943,-1.6785316982958376],[-78.598836466195479,-1.6785563472723459],[-78.598858302769088,-1.6785734692975858],[-78.598890565381936,-1.6786039353000275],[-78.598932658216455,-1.6786501733915999],[-78.598961252945671,-1.6786690872166781],[-78.598990258914171,-1.6786837223679467],[-78.598959559625399,-1.6787309759854026],[-78.598956410270048,-1.6787339514302257],[-78.598943369094854,-1.6787510131702699],[-78.598908726101357,-1.6787889623254253],[-78.598875818838223,-1.6788355081450568],[-78.598866272833121,-1.6788819816034257],[-78.598869602355805,-1.6789065444646305],[-78.598871941038851,-1.6789237933457108],[-78.598872100394459,-1.6789249677416276],[-78.598887563119774,-1.6789507234181595],[-78.598918960740036,-1.6789701225069928],[-78.598923178741558,-1.6789703274892611],[-78.598963411438149,-1.6789722799919176],[-78.5989663785152,-1.6789714556645101],[-78.598970232479644,-1.6789703856619516],[-78.59902603724565,-1.678954886345807],[-78.599042617058061,-1.6789426740206572],[-78.599076628103973,-1.6789176230973317],[-78.599113590806979,-1.6788903982645789],[-78.599138723109277,-1.6788700015212656],[-78.59919089392173,-1.6788276619632769],[-78.599232966381535,-1.6787971432074573],[-78.599266595146219,-1.6788004804856884],[-78.599282206256518,-1.6788084425747061],[-78.599293416811406,-1.6788141602011162],[-78.599295630336812,-1.6788169397962924],[-78.599320299317753,-1.678847908042959],[-78.599352463135347,-1.6789320978444826],[-78.599365599363054,-1.6789990651371918],[-78.599367324081484,-1.6790078552335777],[-78.599367809715872,-1.6790103307820903],[-78.599368301641249,-1.67901133203578],[-78.599365093016189,-1.6790282748661993],[-78.5993479120784,-1.6791230501097612],[-78.599290772391669,-1.6792585457026099],[-78.599251967716953,-1.6793229747321934],[-78.599223305254057,-1.679370562607291],[-78.599156846174893,-1.6794389997881145],[-78.599099438801062,-1.6794861941556645],[-78.599083552561652,-1.6795086045150591],[-78.599091069174293,-1.6795447048392593],[-78.599101746918237,-1.6795623048163415],[-78.599129859467567,-1.6795707713980232],[-78.599186520633424,-1.6795741317558923],[-78.599197150291744,-1.6795744703139179],[-78.599263413650576,-1.6795765779523222],[-78.599282073853999,-1.67954524294716],[-78.599325051456034,-1.6794730724398745],[-78.599409174302366,-1.6794102984854617],[-78.599524998308027,-1.6793493408293352],[-78.599635375036186,-1.6793172405791053],[-78.599662440402085,-1.6793093692063719],[-78.599750833056248,-1.6792838331942388],[-78.599761591783576,-1.6792807252373683],[-78.599755271813663,-1.6792253483523216],[-78.599773151536056,-1.6791799291968235],[-78.599802886100207,-1.6791584407628601],[-78.599867095569266,-1.6791035288882823],[-78.599912116352328,-1.6790492992580237],[-78.599939197085249,-1.6789611185919644],[-78.599946050762526,-1.6788706522083225],[-78.5999567135418,-1.6788725591093487],[-78.599984252842503,-1.6788774851871895],[-78.600059532314646,-1.6788934113770417],[-78.600096608808514,-1.6789025045870551],[-78.600210786200705,-1.678889462809432],[-78.600280940286694,-1.6788868991784249],[-78.600328143181741,-1.6788869574995824],[-78.600382110529253,-1.6788689284774869],[-78.600436076978298,-1.6788509003552863],[-78.600499030434634,-1.6788374074840025],[-78.60053950296367,-1.6788261475569839],[-78.600629440131996,-1.6788025088985048],[-78.60070677284267,-1.678791383083869],[-78.600817129958699,-1.6787982165926927],[-78.601020557212379,-1.6787484436517954],[-78.601170257116536,-1.6787725446306676],[-78.601234069616851,-1.6788089106769453],[-78.601301686580385,-1.6788803836148447],[-78.60131807901378,-1.678891456173675],[-78.601325190120548,-1.6788962593841841],[-78.601352555336902,-1.6789312615925818],[-78.601356657233566,-1.6789368158657858],[-78.601383108818851,-1.6789726322890628],[-78.601432040542164,-1.6790120334301069],[-78.6014923399227,-1.6790373663338696],[-78.601574798724343,-1.6790530609135166],[-78.601669197128984,-1.6790342718587468],[-78.601781298451442,-1.6790001189132164],[-78.601851313551535,-1.6789576430537307],[-78.601880642999376,-1.6789398493044956],[-78.601970424780248,-1.6788617478520351],[-78.602055807442753,-1.6787964179673454],[-78.60206457984836,-1.6787625812371751],[-78.602061601564657,-1.6787556471492342],[-78.602056918719512,-1.6787447427158366],[-78.602076146911713,-1.6786829369170957],[-78.602089356768289,-1.6786490866808914],[-78.602115312808934,-1.6786375240452724],[-78.602121137372251,-1.6786358851834449],[-78.602149105883399,-1.678633612885386],[-78.602167788904822,-1.6786225845308502],[-78.602266361145411,-1.6785908743976128],[-78.602287579343141,-1.6785840488168153],[-78.602425046510973,-1.6785523685979673],[-78.602458817801306,-1.6785368545876909],[-78.602464087290798,-1.678534434045448],[-78.602481895476544,-1.6785299770621964],[-78.602602623035736,-1.6785074808578142],[-78.602622072592951,-1.6785109379775711],[-78.602650295865331,-1.6785067451367539],[-78.602731692704708,-1.6784946534047587],[-78.602856484646225,-1.6784642889807007],[-78.602884817033868,-1.6784553271457341],[-78.602920906253303,-1.6784439125812145],[-78.602944432856276,-1.6784364706452382],[-78.60296034999844,-1.6784314364232849],[-78.602988494406731,-1.6784307832595453],[-78.603004512761004,-1.6784304125264138],[-78.603023738021903,-1.6784299662041591],[-78.603107333074746,-1.6784022789779387],[-78.603218752318497,-1.6783521797270824],[-78.603243926500937,-1.6783320757833162],[-78.60329653800386,-1.6782900619240035],[-78.60333761894961,-1.6782491095115557],[-78.603317304822312,-1.6782165059773471],[-78.60328160597156,-1.6781640720730777],[-78.603224122494225,-1.6781373244403461],[-78.603138744899027,-1.6781078143456818],[-78.603105092757488,-1.6780557490632566],[-78.603136591113369,-1.6780309072952837],[-78.603168089468724,-1.6780060655256441],[-78.603208589586345,-1.6779721874402367],[-78.603242314261522,-1.6779654432463986],[-78.60322692866626,-1.6778777369127522],[-78.603273911786474,-1.6778591730318038],[-78.603319642226708,-1.6778587187091938],[-78.603298363240455,-1.6777989184073938],[-78.6033167419953,-1.6777574408240479],[-78.603321273622427,-1.6777280425314862],[-78.603345997966102,-1.6776841610904323],[-78.603324687091472,-1.6776195599883277],[-78.603360374424639,-1.6775885124767611],[-78.603422641386217,-1.6775472155504934],[-78.60342940610407,-1.677500106629225],[-78.603457007669221,-1.6774458281272846],[-78.603507328798031,-1.6774368083974787],[-78.603542071649102,-1.6774791342859483],[-78.603573619764376,-1.6775056374906461],[-78.603575519228116,-1.6775059426484007],[-78.603600695430629,-1.6775099871286081],[-78.603659818085191,-1.6774977729167593],[-78.603763109441559,-1.6774589978797243],[-78.603771148464688,-1.6774571701028425],[-78.603780651292425,-1.6774526956197668],[-78.60384527901212,-1.6774319713692807],[-78.603867337190479,-1.6774420366859788],[-78.603891968116116,-1.6774704612519347],[-78.603909470753209,-1.6774764505631712],[-78.603954339390015,-1.6774918030541561],[-78.604061351931037,-1.6774990741876985],[-78.604162825445783,-1.677516937958156],[-78.604199254969799,-1.6775233510373087],[-78.604279866687776,-1.6775408374636842],[-78.604365425743921,-1.6775298083175094],[-78.604483045273497,-1.6775066481774012],[-78.604545313565055,-1.677483468628354],[-78.604584258544733,-1.677468971498512],[-78.604675418616949,-1.6774370250826509],[-78.604712523519737,-1.6774280450714534],[-78.604759286591175,-1.6774153816971493],[-78.604763575854292,-1.6774124013041831],[-78.604791639216884,-1.6773676362480363],[-78.604842494762053,-1.6773269470660386],[-78.604871788108142,-1.6773203618752219],[-78.604911047768397,-1.6773115372745298],[-78.604959511563436,-1.6773126554830962],[-78.605008008074392,-1.6773245395291896],[-78.605081009444802,-1.6773230493948339],[-78.605142741437689,-1.6773102435452958],[-78.605153700381777,-1.6773079692001198],[-78.605208060225465,-1.6772966927535038],[-78.60524937195369,-1.6772890032945698],[-78.605298008024064,-1.6772799506913429],[-78.605381750163019,-1.6772923599395022],[-78.605400300578367,-1.6772980413882383],[-78.605447264315231,-1.6773124256158674],[-78.605498965226516,-1.6773432997394602],[-78.605528598304232,-1.6773609420775977],[-78.605572057074809,-1.6773715751998537],[-78.605596048745369,-1.6773968352370325],[-78.605645221160373,-1.6774239169752836],[-78.605712038073108,-1.6774585447587091],[-78.60575342338376,-1.6774701334931406],[-78.605773442567852,-1.677475739013375],[-78.605776916785629,-1.677476712305318],[-78.605827923491361,-1.6774860557769595],[-78.605961024539354,-1.677510370005465],[-78.605967718747664,-1.6775115931320359],[-78.606030231574238,-1.6775193065234195],[-78.60607789734803,-1.67752518834474],[-78.606192441567771,-1.6775254704233764],[-78.606233441806992,-1.6775213275831509],[-78.606252782430616,-1.6775220718330535],[-78.606294611751636,-1.6775135152172247],[-78.606385290317718,-1.6774949670489201],[-78.606400642646904,-1.6774868315986962],[-78.606464121388299,-1.6774581376623006],[-78.606490540482852,-1.6774536225190426],[-78.606547812809694,-1.6774436232536143],[-78.606654715580788,-1.6774246195732159],[-78.606754710009028,-1.6774002461671536],[-78.606757768507308,-1.6773988578795838],[-78.606848612640746,-1.6774236849870756],[-78.606863274530724,-1.6774300576690626],[-78.606934439147764,-1.6774609919100594],[-78.607014012981239,-1.677517367689169],[-78.60704488899745,-1.677544873441388],[-78.607110503003724,-1.6776033246392354],[-78.607200946282674,-1.6776970814025705],[-78.607240796305916,-1.6777383903839458],[-78.607298825581054,-1.6777995946676083],[-78.607344932699462,-1.6778366818637178],[-78.607380263692804,-1.6778712094208565],[-78.607410426952384,-1.6778894725152891],[-78.607476997619102,-1.6779435092078496],[-78.607585030915587,-1.6780209644712325],[-78.60764298650453,-1.6780578276252198],[-78.607720384087415,-1.6780903984453508],[-78.607724611639583,-1.6780916357081574],[-78.607735157789065,-1.6780986487345741],[-78.607765945213373,-1.6781037314775493],[-78.607783016157029,-1.6781087268270958],[-78.607897742293872,-1.6781390656959632],[-78.607963034770307,-1.6781679697320022],[-78.608031023103308,-1.6782004512318307],[-78.608060984583162,-1.6782147648075911],[-78.608105294365245,-1.6782606658502996],[-78.608155461590059,-1.6783303610609777],[-78.608179195327722,-1.678353570696631],[-78.60820090586401,-1.6783563354325233],[-78.60820760143568,-1.6783571879472818],[-78.608231301972609,-1.6783692864172515],[-78.60823871024715,-1.6783846090403565],[-78.608248053445905,-1.6784058023687976],[-78.608256182834694,-1.6784242426357112],[-78.608285314053177,-1.6784727635766585],[-78.608295821406983,-1.6784902657792038],[-78.608309165178525,-1.6785006439740311],[-78.608338516271743,-1.6785234718385162],[-78.608365504097335,-1.6785794801211964],[-78.608387674441076,-1.6786074578842023],[-78.60841877069474,-1.6786311746565716],[-78.608434537985588,-1.6786297459703403],[-78.608455044177575,-1.6786278883271513],[-78.608491367782236,-1.6786410066098285],[-78.608509937318303,-1.6786738620766146],[-78.608516745042635,-1.6786859072118065],[-78.60854113246549,-1.6787514478759626],[-78.608551321758995,-1.6788170334321666],[-78.608561812020213,-1.6789815700485804],[-78.608574652986661,-1.6790545548415508],[-78.608623024083357,-1.6792258552292307],[-78.608625747633369,-1.6792354646656278],[-78.608662429224552,-1.6793649022438812],[-78.60866767328254,-1.6793834085694204],[-78.608677016132049,-1.679405625159397],[-78.608699452939533,-1.679458981150862],[-78.608724413933615,-1.6794982687467446],[-78.60872447310841,-1.6794983601167335],[-78.608770253909782,-1.6795704164785707],[-78.608807187952223,-1.6796185791644911],[-78.608848388307308,-1.6796723053841798],[-78.608863022125732,-1.6796862765011131],[-78.608877946647553,-1.6797005245794723],[-78.608906399600414,-1.6797276893333395],[-78.608981184970048,-1.6797655594746839],[-78.609049141030823,-1.6797987957855833],[-78.609058598699633,-1.6798034211035007],[-78.609104373492997,-1.6798117475579388],[-78.609154302747456,-1.6798031276907963],[-78.609234047562055,-1.6797737342177725],[-78.609273011409357,-1.6797593726225521],[-78.609313255247145,-1.6797480046175441],[-78.609354448885341,-1.6797363684089153],[-78.609415678177172,-1.6797220297083419],[-78.609418556162908,-1.6797213553032841],[-78.609446351204127,-1.6796963994202785],[-78.609465191738025,-1.6796667085593209],[-78.609466559051612,-1.6796606810147876],[-78.609478164060718,-1.679609519179134],[-78.609481758672544,-1.679580933131245],[-78.6094896400202,-1.6795787923807786],[-78.609495977194157,-1.6795877689999941],[-78.60951551395371,-1.6796141670886193],[-78.609524162180165,-1.6796247871908769],[-78.609557210571367,-1.6796653683451104],[-78.609579364920521,-1.6796880535926999],[-78.609581740948371,-1.6796887118693626],[-78.609611469130556,-1.6796969507571065],[-78.609615058070133,-1.6796966695336848],[-78.60969098368966,-1.679690714810288],[-78.609709779134633,-1.6796892410407729],[-78.609729295017942,-1.6796840538996936],[-78.609746033443471,-1.6796796054670429],[-78.609746337315144,-1.6796793952249123],[-78.609757224534164,-1.6796718770645711],[-78.609769123159765,-1.6796636596016394],[-78.609772831479347,-1.6796582812495684],[-78.609786786494155,-1.6796380422083179],[-78.609792158652141,-1.6796302515009296],[-78.609792156015558,-1.679630203589259],[-78.609799542130133,-1.6796401197830741],[-78.609811119114923,-1.6796555930901849],[-78.609868004888952,-1.679686639087457],[-78.609899091324266,-1.6797066515584214],[-78.609923376233397,-1.6797383272331421],[-78.609933410390852,-1.6797645509201973],[-78.609938747139552,-1.6797784961312985],[-78.609938379627877,-1.6798532102262274],[-78.609938352063082,-1.679858888696756],[-78.60993809672587,-1.6799107885753444],[-78.609937354524192,-1.6800129193877751],[-78.609942035956692,-1.68002799280468],[-78.609962312325607,-1.6800932753788604],[-78.609968121566098,-1.6801205144060525],[-78.609982048915654,-1.6801858180895395],[-78.610022687658443,-1.6802427038041445],[-78.610032217380493,-1.6802560431230309],[-78.610085461385012,-1.6802998002796947],[-78.610141785541757,-1.6803192065725523],[-78.610208599933017,-1.6803295846487154],[-78.610232712706306,-1.680332921833283],[-78.610275936615153,-1.6803389030535942],[-78.610233982606161,-1.6804217691413981],[-78.610053418249166,-1.6805360940090126],[-78.610030144038987,-1.6805508301771281],[-78.61003542780881,-1.6805883869511398],[-78.610043186481477,-1.6806435336874925],[-78.610002992202496,-1.6807115982098912],[-78.609955289865539,-1.6807695619744847],[-78.609904968544186,-1.6807984158790854],[-78.609885047122077,-1.6808098387375772],[-78.609841144492236,-1.6808795998758104],[-78.609824764255535,-1.6809056283166579],[-78.609716984697073,-1.6808903591686704],[-78.609606676584875,-1.6808927461238408],[-78.609528842008828,-1.6809910360127589],[-78.609486163016982,-1.6810414382054073],[-78.609472011132212,-1.6810684167017582],[-78.609435908427713,-1.681137240093372],[-78.60936313927921,-1.681192650033833],[-78.609245240221739,-1.68125305008527],[-78.609220097562073,-1.6813135644642259],[-78.609210838998791,-1.6813667467424855],[-78.609209998625076,-1.6813715754156326],[-78.609315261872482,-1.6813944092422135],[-78.60946065497285,-1.6814021570924385],[-78.609623583545911,-1.6814200162404112],[-78.609687513021399,-1.6814175721630511],[-78.60976813320427,-1.6814107889887111],[-78.609814727380964,-1.6815245665463248],[-78.609883868508476,-1.6815443791899767],[-78.609923695335141,-1.6815605462995311],[-78.609935137277631,-1.6815651903447701],[-78.609940236052324,-1.6815672603072482],[-78.609991381509715,-1.681589015919823],[-78.610033119701015,-1.6815927725826616],[-78.610121106465158,-1.681583928475719],[-78.610203888067204,-1.6815762910264953],[-78.61026823677841,-1.6815822043114776],[-78.610288369257447,-1.6816018272892077],[-78.610301473410928,-1.6816245945233033],[-78.610307743576769,-1.6816354883134514],[-78.610329582724134,-1.6816883681801069],[-78.610329877102217,-1.6816885782553186],[-78.610350552639261,-1.6817033622477098],[-78.610370359989687,-1.6817177817893549],[-78.610403988503833,-1.6817216016731051],[-78.610461385423335,-1.6817275687632225],[-78.61049912315238,-1.6817383521857019],[-78.610525885194789,-1.6817533018679709],[-78.610529069655655,-1.6817510215538329],[-78.610531647252373,-1.6817491761874706],[-78.610532707561944,-1.681736343454008],[-78.610527319486636,-1.6817136499046639],[-78.610505694204235,-1.6816887506360128],[-78.610469026146049,-1.68166629966314],[-78.610424141461507,-1.6816299216143631],[-78.610414841669652,-1.6816202968276996],[-78.61039786412087,-1.681602726952909],[-78.610391973522965,-1.6815899480262926],[-78.610395976347277,-1.6815846848382796],[-78.610399008379247,-1.6815806995189406],[-78.61040000256294,-1.681579391849285],[-78.610413864949138,-1.6815740377627921],[-78.610459528558451,-1.6815608586477095],[-78.610480244274783,-1.6815426265376101],[-78.610506769936976,-1.6815266813047178],[-78.610523003360839,-1.6815283039808515],[-78.610571996365877,-1.6815716455651157],[-78.610605928773964,-1.6816151032792022],[-78.610640762338903,-1.6816554543835283],[-78.610644582453261,-1.6816593460028637],[-78.610674707534955,-1.6816699501013805],[-78.610725014753314,-1.6816579011954556],[-78.610769528950428,-1.681645896673559],[-78.610779367887886,-1.6816413493580737],[-78.610781073771591,-1.6816405605185214],[-78.610780979975175,-1.6816283193405868],[-78.610769844777309,-1.681611499695834],[-78.610749494571408,-1.6816017473972815],[-78.610713498793501,-1.6815915337977982],[-78.610696013685114,-1.6815776784616649],[-78.610690702476177,-1.6815648948235602],[-78.610676861115238,-1.6815175315633122],[-78.610675234825536,-1.6815119658515798],[-78.610660841429763,-1.6814672233179402],[-78.610660659768968,-1.6814666572320323],[-78.610658025215045,-1.681458467968372],[-78.610645142480777,-1.6814404963698746],[-78.610613108655471,-1.6814180095328084],[-78.610576498744464,-1.6814031363093309],[-78.610539826002935,-1.681380103205643],[-78.610453794748409,-1.6813417129349244],[-78.610418417480204,-1.6813089523991323],[-78.610391365912079,-1.6812839018225998],[-78.610350942678153,-1.6812536570441696],[-78.610338928428789,-1.6812446679962563],[-78.61027840754663,-1.6812089938425725],[-78.610238753422522,-1.6811749073959108],[-78.610195997822359,-1.6811140290823252],[-78.610152667512921,-1.6810537376197781],[-78.610133310114605,-1.6810224087730952],[-78.610136602651451,-1.6809984821152721],[-78.610149213346702,-1.6809808953701746],[-78.610200909792326,-1.6809233649846416],[-78.610223964140403,-1.6808804014398442],[-78.610228496320275,-1.6808719570594897],[-78.610232322656074,-1.6808648261278085],[-78.610244027547935,-1.6808046910520025],[-78.610251788319701,-1.6807591604784187],[-78.610282551384543,-1.6806912985553604],[-78.610308920075113,-1.6806699783329644],[-78.610331536954121,-1.6806757570105031],[-78.61035341848887,-1.6806879020852561],[-78.610353509152759,-1.6806879528171628],[-78.610366464285633,-1.6806951432887873],[-78.610396190450217,-1.6807028497721057],[-78.610413612775062,-1.6806988975415893],[-78.610429239464509,-1.6806779482567995],[-78.6104802166318,-1.6805670270598043],[-78.610485948003401,-1.6805275602706984],[-78.610483382718513,-1.6804934318353779],[-78.610478040006271,-1.6804223417780304],[-78.610485742840467,-1.6803594357231075],[-78.610489524233017,-1.6803442000700137],[-78.610499578451268,-1.6803036954638153],[-78.61053626462521,-1.6802366308442789],[-78.610576126521451,-1.6801803757454041],[-78.610619500604912,-1.6801374670178446],[-78.610646400305214,-1.6801108567084158],[-78.610640751190189,-1.6800989323004973],[-78.610615123643925,-1.680044841939542],[-78.610582563024536,-1.6799539719545675],[-78.610579406864176,-1.6799233708410184],[-78.610618389524774,-1.6798440489887616],[-78.610702678067895,-1.6797450238219247],[-78.610785918658038,-1.6796701079581002],[-78.610824386158455,-1.6796354867513696],[-78.610978294568781,-1.6794979103973431],[-78.611004236466073,-1.6794766601130058],[-78.611136746851528,-1.679368117033059],[-78.611218527005349,-1.679293790479395],[-78.611233759722367,-1.6792636377284251],[-78.611243014138296,-1.6792189369489732],[-78.611273034885897,-1.6790787945881727],[-78.611286809723083,-1.6790419662990477],[-78.611288872529371,-1.6790313069409049],[-78.611303091199488,-1.6789086145544456],[-78.61132586293256,-1.6788401469996348],[-78.611339621895567,-1.6787690442396126],[-78.611348865705878,-1.6787323206529459],[-78.611370885305988,-1.67864483973329],[-78.61137373343098,-1.6786029197019037],[-78.611374078242491,-1.6785978445390712],[-78.611382011663636,-1.6784810606565568],[-78.611376442392483,-1.6783478718565132],[-78.611376624750335,-1.6783449053708279],[-78.611379519547597,-1.6782978293589654],[-78.611430653654466,-1.6781254795473819],[-78.611523605608639,-1.6779023185807858],[-78.611540775330369,-1.677868159239662],[-78.611608328642149,-1.6777337649491197],[-78.611655082026161,-1.6776530053031855],[-78.611693118260149,-1.6775873035154791],[-78.611805634538129,-1.6774277609477075],[-78.611886729630982,-1.6773404411287696],[-78.61194443388446,-1.6772766626412381],[-78.612008928297456,-1.6772053789876693],[-78.612543846191627,-1.6775682993730534],[-78.612771994610299,-1.6776567773774675],[-78.612784585176456,-1.677661659624593],[-78.612794819289888,-1.6776460368394366],[-78.612830293720293,-1.6775832325539992],[-78.612957551755244,-1.67744279175655],[-78.613001899044804,-1.677397249942564],[-78.613028889840464,-1.6773695313871033],[-78.613046246332246,-1.6773517081245728],[-78.613134685841644,-1.6772487283826663],[-78.613204920708341,-1.6771622330277178],[-78.613217725585116,-1.6771459408601701],[-78.613278601145126,-1.6770684914296992],[-78.613376888234356,-1.6769085785426736],[-78.613410346628186,-1.6768541421632404],[-78.613447384066518,-1.6768061073203449],[-78.613491358336432,-1.6767599937132922],[-78.613501649459735,-1.6767492016078469],[-78.613519110372764,-1.6767341508236628],[-78.613621824824307,-1.6766522185486437],[-78.613642752479478,-1.6766376565237668],[-78.613674692371291,-1.6766154317935547],[-78.613690420926176,-1.6766044881675408],[-78.613715148415665,-1.6765809158578828],[-78.61375491959879,-1.676543002994791],[-78.614452195626285,-1.6760467706136029],[-78.61405339279689,-1.6752624900911235],[-78.614099202174813,-1.6751161756057487],[-78.614557562149344,-1.6749767159089806],[-78.614532554694037,-1.6749562807267024],[-78.614509053949362,-1.6749370776474886],[-78.614505333386802,-1.6749340376726896],[-78.614451420111479,-1.6748975077519783],[-78.61440641625785,-1.674877766697791],[-78.614397096230789,-1.6748736785281413],[-78.614371827254615,-1.6748652265012016],[-78.614312797771561,-1.6748454827238504],[-78.614243573328977,-1.674814985892457],[-78.614190615023361,-1.6747880316304002],[-78.614178551460554,-1.6747818917813906],[-78.614127424761904,-1.6747482361797037],[-78.614126852119639,-1.67474785944087],[-78.614075751254617,-1.6747062194110469],[-78.614025777406752,-1.6746537073259919],[-78.61396441247318,-1.6745671228116541],[-78.613958925309959,-1.6745593811137953],[-78.61390948793732,-1.6744792354884412],[-78.613863305810199,-1.6744043656063197],[-78.613852916108598,-1.6743875225063587],[-78.613852783423653,-1.6743873081111491],[-78.613833228659516,-1.6743556066461254],[-78.613823462393157,-1.6743053268439454],[-78.613808576198736,-1.6742444656317952],[-78.6138002830441,-1.6742105633255975],[-78.613789604205621,-1.6741669028285828],[-78.613785724889766,-1.6741510439569751],[-78.613777578327372,-1.6741177393324984],[-78.61377571286107,-1.6741101114500785],[-78.613756367210073,-1.6740481184753766],[-78.613744210515179,-1.6740254102908003],[-78.613707148908048,-1.6739561804056873],[-78.613681013447319,-1.6739073612035915],[-78.613680076739968,-1.6739057185099711],[-78.613613495194684,-1.6737889796073566],[-78.613590747090839,-1.6737490945340296],[-78.613572061340705,-1.673716332022227],[-78.613544223336547,-1.6736655482992595],[-78.613531961029778,-1.6736195012929656],[-78.613536400594612,-1.6735858306321807],[-78.613521781672389,-1.6735936236285123],[-78.613512675407563,-1.6735984774527266],[-78.613502608661406,-1.6736057481264317],[-78.613416085164786,-1.6736511643067491],[-78.613410089481064,-1.6736531591781492],[-78.613263041573802,-1.6737020789766728],[-78.613249076808671,-1.6737067243645822],[-78.613140963259312,-1.6737262298959565],[-78.613100088507338,-1.6737312545072596],[-78.613063549461401,-1.6737357456844206],[-78.613018659956325,-1.6737284619198465],[-78.612995837664371,-1.6737120474301566],[-78.612983550117676,-1.6737032108770575],[-78.612949036132591,-1.6736717740364322],[-78.612910989179795,-1.6736344527736475],[-78.612884924425643,-1.6736088846870665],[-78.612879813229839,-1.6736051976032593],[-78.612836262613882,-1.6735737795238319],[-78.612791334039414,-1.6735535079815471],[-78.6127679691607,-1.6735504873314415],[-78.612742803995985,-1.6735616969238389],[-78.61266737108545,-1.6736163567117934],[-78.612618928423345,-1.6736592315259076],[-78.612579716400589,-1.6736939379450517],[-78.612450954412253,-1.6737957674437829],[-78.612361204650526,-1.6738795298895843],[-78.612270766928575,-1.6739639332701632],[-78.612219841783784,-1.673993159216719],[-78.612137579128884,-1.6740249554976041],[-78.612044840351672,-1.6740475061458751],[-78.611998146689459,-1.6740532160000563],[-78.611921904144339,-1.6740435543861338],[-78.611836432883194,-1.6740308288707786],[-78.611782914447843,-1.6740155310648117],[-78.611729458435704,-1.674020643256585],[-78.611625047054162,-1.6740450859627043],[-78.611542101747474,-1.6740546183816032],[-78.611495387595184,-1.6740535242876189],[-78.611476883336152,-1.6740415552099148],[-78.611463980797083,-1.6740332105437801],[-78.611411555606409,-1.6739733781677157],[-78.611354808976657,-1.6739067546665631],[-78.611251825069132,-1.6737938870875215],[-78.611203092094513,-1.6737352795614793],[-78.611187020045165,-1.6737050223766592],[-78.611184467765682,-1.6736741056270927],[-78.611197823627023,-1.6736196374135786],[-78.611213958730616,-1.6735814949329928],[-78.611249694500415,-1.673497015540558],[-78.611286123137646,-1.6734018931751282],[-78.61129237960651,-1.6733855559187194],[-78.611307553262336,-1.6733224221067888],[-78.611323176356379,-1.6732048602935528],[-78.611335754685811,-1.673060262612692],[-78.611339805654097,-1.6730136942087444],[-78.611359071215588,-1.6728812770883354],[-78.611402741939941,-1.6726894092294002],[-78.611444579255092,-1.672501258797668],[-78.611458984210728,-1.672387410636357],[-78.611460006152058,-1.6723601763675799],[-78.611463533293957,-1.6722661715891425],[-78.611460845308926,-1.672190724186577],[-78.611458703304166,-1.6720923898531035],[-78.611459661323792,-1.6720080829432005],[-78.611459673371201,-1.6720070343949223],[-78.611464447054971,-1.6719600139973199],[-78.611481417910539,-1.6718814133437399],[-78.611488380490513,-1.6718612840362586],[-78.611492101557147,-1.6718505272628916],[-78.611516755430813,-1.6717792524536041],[-78.611542008627467,-1.6716647405144163],[-78.611542825138059,-1.6716610399056944],[-78.611547340589297,-1.6715972756234363],[-78.61155560898726,-1.6715573029513513],[-78.611547793648882,-1.6715256801088072],[-78.611546614116492,-1.6714915904205849],[-78.611546613254305,-1.6714915605897174],[-78.611535000531944,-1.6714387195824187],[-78.611526806678029,-1.6714014358447049],[-78.611525422868667,-1.6713951409641679],[-78.611486394268837,-1.6712938273008906],[-78.611479282164055,-1.6712764115434815],[-78.611453880030112,-1.6711879621758681],[-78.611415430827847,-1.6711118979054247],[-78.611407473039634,-1.6710896206633028],[-78.611396561853965,-1.6710590760450765],[-78.611378832517431,-1.6710087034331644],[-78.611377581931023,-1.67100514944332],[-78.61135560489285,-1.6709427086395532],[-78.611338284659212,-1.6708934980856218],[-78.611300923762087,-1.6707731686295664],[-78.611278134456938,-1.67069976754771],[-78.611274974070767,-1.6706895899078071],[-78.611271916881819,-1.6706802413012856],[-78.611251889440993,-1.6706189897569343],[-78.61121928600042,-1.6705192785317089],[-78.611213556457599,-1.6705017560005804],[-78.611200030069071,-1.6704581101935172],[-78.611195648332298,-1.6704439709273771],[-78.611177555882577,-1.6703855899377946],[-78.611135476943218,-1.6702610595778355],[-78.611130307921414,-1.6702457650264593],[-78.611119568895489,-1.6702139822412454],[-78.611101934799478,-1.6701628359971503],[-78.611070081537349,-1.6700704448574857],[-78.611059465272589,-1.6700396538398072],[-78.611048368322045,-1.6700074683691264],[-78.611038826210859,-1.6699797963327372],[-78.611000004313397,-1.6698672163624864],[-78.610992723304676,-1.6698461024187401],[-78.61098578065706,-1.6698259687528938],[-78.610956290110863,-1.669760858513327],[-78.6109225289063,-1.6696863213547484],[-78.610908621995804,-1.6696624585814352],[-78.610865543200717,-1.669588541878245],[-78.610857079618128,-1.6695759813153199],[-78.610812953137739,-1.6695104970319556],[-78.610811409983825,-1.6695082072892471],[-78.610756138615073,-1.6694197322983129],[-78.610741611724421,-1.6693915533939589],[-78.610741185149521,-1.6693907248693565],[-78.61071885442297,-1.6693474090981366],[-78.61071413878561,-1.6693382609498746],[-78.610704721967778,-1.6693161762873028],[-78.610704248126481,-1.6693150647738502],[-78.610692381485137,-1.6692872344276521],[-78.610690570316805,-1.6692829873421762],[-78.610682705451381,-1.6692484709779902],[-78.610680375123167,-1.6692382419319232],[-78.610676258622192,-1.6692201763125751],[-78.61067187050817,-1.669205363616503],[-78.610647325682237,-1.6691225206654456],[-78.610648907506132,-1.6691188237057433],[-78.610654579665251,-1.669088664586504],[-78.61067372612608,-1.6689868689732787],[-78.610775036535969,-1.6690008836100572],[-78.610832622715705,-1.6690060856609703],[-78.610890208898155,-1.669011287710606],[-78.610902489156771,-1.6690134911501022],[-78.610974351215447,-1.6690263841453372],[-78.610999557910873,-1.6689970497892734],[-78.611057655103792,-1.6689294388155613],[-78.611147626314775,-1.6688247341215074],[-78.61125970976974,-1.6686868884074049],[-78.611315972365375,-1.6686143261208304],[-78.611373826080538,-1.6685221721063348],[-78.611429350250532,-1.6684258227908786],[-78.611469647592486,-1.6683438418663394],[-78.611481136809218,-1.6682988779744767],[-78.611486428343426,-1.6682781717042694],[-78.611486488300372,-1.6682493290612705],[-78.611480331482966,-1.6682270694020456],[-78.611462772388805,-1.6681635854733745],[-78.611445180203376,-1.6680999803786007],[-78.611438925580416,-1.6680605097041066],[-78.611438598640959,-1.6680173057952297],[-78.611446155591182,-1.6679705518282038],[-78.611474230664967,-1.6679171916714908],[-78.611534907193857,-1.6678394958643326],[-78.611568836584922,-1.667801514245282],[-78.611651337330045,-1.667702302533085],[-78.611790367269137,-1.6676229569053191],[-78.611914405332584,-1.6675605579755155],[-78.612118913585846,-1.6674663574569815],[-78.612185516699569,-1.6674334876728154],[-78.612214643675301,-1.6674113650992228],[-78.612294543257406,-1.6673439749257943],[-78.612357948232017,-1.6672815525133537],[-78.612445185143557,-1.6671878487085485],[-78.612526436319783,-1.6671005744982887],[-78.612670503152728,-1.666953879972934],[-78.612800282665546,-1.666818647940616],[-78.612914750812621,-1.6666993715253482],[-78.612957333819352,-1.6666578777399896],[-78.613007213170476,-1.6666270619941821],[-78.613059022289875,-1.6666012265677779],[-78.613135101242847,-1.6665854869634862],[-78.613196637198584,-1.6665727559874866],[-78.61333438101984,-1.6665364538567726],[-78.61348680751351,-1.6664841066919471],[-78.613663657044867,-1.6664228095970746],[-78.613842253269581,-1.66636785299429],[-78.614007210524235,-1.6663170938777216],[-78.614141383797289,-1.666271068175168],[-78.614259906899534,-1.6662269758761341],[-78.614361892521814,-1.6661704867165668],[-78.614486855064854,-1.6661266074307617],[-78.614599874755456,-1.6660912422067826],[-78.614796874079047,-1.666024922792269],[-78.615012413732927,-1.6659503621472151],[-78.615185997749691,-1.6659005823680884],[-78.615344875220444,-1.66585236743684],[-78.615437409347365,-1.6658406114820721],[-78.615521740152587,-1.6658313675108734],[-78.615642374637929,-1.6658130795793504],[-78.615699693341014,-1.6657935782685855],[-78.615727637439235,-1.665749665623987],[-78.615743351948225,-1.665706202705485],[-78.615750383760727,-1.6656530453389724],[-78.615762416485666,-1.6656064051172177],[-78.615787062889396,-1.6655611126583698],[-78.615820274107207,-1.6655197103233941],[-78.615873264557635,-1.6654773693791043],[-78.615926255904824,-1.6654350284311761],[-78.615972411763792,-1.6653879163131964],[-78.615989959685251,-1.6653675629465883],[-78.616042747466352,-1.6652629224205919],[-78.6160731915204,-1.6651778348580331],[-78.616116738539034,-1.6650763830033435],[-78.616151715516224,-1.6650067645951858],[-78.616201236133264,-1.66494706289706],[-78.616244159415359,-1.6649049148490613],[-78.61633083762058,-1.6648229871651907],[-78.616457058077188,-1.6647235196836181],[-78.616529062028377,-1.6646693376333102],[-78.616572881761599,-1.664692986422188],[-78.616728000912246,-1.6647778017629493],[-78.61683072868108,-1.6648392724583554],[-78.6170013456654,-1.6649361055325251],[-78.617090015627838,-1.6649885251822309],[-78.617254605808384,-1.6650878955217128],[-78.61740434540836,-1.6651726446896951],[-78.617470246430386,-1.6652038067682888],[-78.617544744290569,-1.6652428752033208],[-78.617687951855274,-1.665294607339344],[-78.617847816833191,-1.6653606672707693],[-78.617934680690567,-1.6654009258746749],[-78.61806024018604,-1.6654622029193749],[-78.618162763320257,-1.6655214099453926],[-78.618302080219422,-1.6656205326436631],[-78.618414830772977,-1.6657061823731938],[-78.618561327328067,-1.6658077716334914],[-78.618648165073793,-1.6658571093807191],[-78.618783777155613,-1.6659296617566135],[-78.618923181447869,-1.6659905118417224],[-78.619060899911716,-1.6660429631917011],[-78.619221273532546,-1.6661008060746962],[-78.619395671916593,-1.6661653714370182],[-78.619561795823756,-1.6662266291655945],[-78.619697265066279,-1.6662761182859984],[-78.619864376147547,-1.6663426761082447],[-78.619982265945978,-1.6663894094319331],[-78.620142178566454,-1.666459497425046],[-78.620246620193996,-1.6665063608334758],[-78.620199276403795,-1.6664153660381653],[-78.620180793881602,-1.6663687057079155],[-78.620133457911805,-1.6662375389579158],[-78.620093881824133,-1.6660811825334731],[-78.620059597308313,-1.6659204565806194],[-78.62002794960577,-1.6657863358719884],[-78.619996503987537,-1.6656245467355877],[-78.619977123602894,-1.6655079466400635],[-78.619947589099795,-1.6653360022719588],[-78.619915310033591,-1.6651733100090496],[-78.61987655195999,-1.6649984392407091],[-78.619853609868429,-1.6648803587012819],[-78.619831450734367,-1.6647430893909423],[-78.619822832511971,-1.6646436926085939],[-78.619819795169278,-1.6645323823617495],[-78.619817800242046,-1.6643810324899444],[-78.619820123178812,-1.6641945824799558],[-78.619822444290477,-1.6639751829779796],[-78.619819402551926,-1.6638525147302821],[-78.619809382565407,-1.6637796676579995],[-78.619794865506151,-1.6636741313951904],[-78.619783417428337,-1.663598897095498],[-78.619758398286862,-1.6634741999398261],[-78.619740909261381,-1.6633870326387603],[-78.61971650737641,-1.6632719442088808],[-78.619699114757026,-1.6632017593344706],[-78.619686143115487,-1.6631018637335213],[-78.61968857744931,-1.6630501478105701],[-78.619688241670772,-1.6630080410134953],[-78.619680621354874,-1.6629738068187971],[-78.619656954642494,-1.6628973418997106],[-78.619633016517241,-1.6628142435482625],[-78.619607744587654,-1.6627295372806035],[-78.619590958176943,-1.6626714324911638],[-78.61957628360534,-1.6626185694970832],[-78.619557817634572,-1.6625520460948733],[-78.619522082102378,-1.6624303108324754],[-78.619496056982186,-1.6623422138916262],[-78.619478750140999,-1.662283629391254],[-78.619450862231545,-1.6621975902717705],[-78.619424563770991,-1.6621164560490866],[-78.619400165450102,-1.6620373209359047],[-78.619372524231323,-1.6619463068444182],[-78.619329067418846,-1.6618393335080008],[-78.619314886924926,-1.6618044269725718],[-78.619271383338315,-1.6616982544768286],[-78.619249557392152,-1.6616493294237178],[-78.61921800415243,-1.6615785967973762],[-78.619218070813844,-1.6615784386889485],[-78.619168194367219,-1.661465207751736],[-78.619167509648094,-1.6614654057876328],[-78.619117235525053,-1.6613527086027307],[-78.619080997189101,-1.6612667416483109],[-78.619031123006479,-1.6611486168084477],[-78.618977972247464,-1.6610159797855872],[-78.618959881164372,-1.6609664201954482],[-78.618925654328478,-1.6608562183901572],[-78.618895953485094,-1.660760589049681],[-78.618862907202242,-1.6606749450815885],[-78.618798056876827,-1.6605284636408189],[-78.618739738882468,-1.6604208929353585],[-78.618692365484236,-1.6603335096074308],[-78.618638927839015,-1.6602454021082944],[-78.618528952451314,-1.6600820870881547],[-78.6184371923745,-1.6599606184947211],[-78.618286718845326,-1.6597452833867945],[-78.61809339266739,-1.6593782489952222],[-78.618006609339901,-1.6591837193767787],[-78.617949768211759,-1.6589882489097847],[-78.617899484884219,-1.6587210833298422],[-78.61786805679148,-1.6585780214672379],[-78.617858666354024,-1.6583647521378877],[-78.617824786531742,-1.6581776628262757],[-78.617768883475705,-1.6579195524662873],[-78.617707398812584,-1.6576439504949587],[-78.617711722532079,-1.6574686333625521],[-78.617702895690982,-1.6573217833885669],[-78.617702227798205,-1.657211747125428],[-78.617715173538826,-1.6570172209022394],[-78.617723159771003,-1.6568972120238943],[-78.617739388727742,-1.6567379261716972],[-78.617723227316134,-1.6566280239188573],[-78.617692740111778,-1.6564551721752458],[-78.617654936060916,-1.6562503709402743],[-78.617592331997386,-1.6559596493449458],[-78.61755256853165,-1.6558039268758569],[-78.61751589330369,-1.6556354147193915],[-78.617490102692145,-1.65545684496645],[-78.617465906255362,-1.6553709741551508],[-78.617407979885343,-1.6552475256334236],[-78.617258606210015,-1.6549392324079422],[-78.617152081988635,-1.6547201373695608],[-78.6170725848269,-1.6545769886117223],[-78.616999636455944,-1.654441752718089],[-78.616947444916505,-1.6543376057404799],[-78.616850661921248,-1.6541444764061792],[-78.616715810391966,-1.6538881827514187],[-78.616633172221327,-1.6536831404035626],[-78.61657159924134,-1.653554122053311],[-78.616494901225821,-1.6533370853464739],[-78.616465253081842,-1.6532460239536539],[-78.61642660449597,-1.6530607225755864],[-78.616403428572184,-1.6528640674697259],[-78.6163803192009,-1.6526959370876984],[-78.61629204387927,-1.6524973132201526],[-78.616226688651722,-1.6523642118110677],[-78.616133725870924,-1.6521982307103367],[-78.616040343132056,-1.6520409287216824],[-78.616001321399708,-1.6519379593458832],[-78.615880745856131,-1.6516056305286102],[-78.615862342471956,-1.6515496862602044],[-78.615801515682179,-1.6514984427603934],[-78.615721380047077,-1.6512639525137975],[-78.615678402326139,-1.651113534384814],[-78.615661420317593,-1.6510211469300802],[-78.615642844170992,-1.6508878318247127],[-78.615623133665522,-1.6507664418923114],[-78.615601261285235,-1.6506651881559353],[-78.615510639796042,-1.6503601511629906],[-78.615418146760035,-1.6501195517672407],[-78.615357026469965,-1.6499309331503054],[-78.615303426540478,-1.6496849137196368],[-78.615220605849444,-1.6494632454498608],[-78.615141894794093,-1.649278445584538],[-78.615036483731089,-1.6490250707631113],[-78.614945821586531,-1.6488415301723309],[-78.614818366746988,-1.6486096298492317],[-78.614768741623891,-1.6484268854397841],[-78.614717226136875,-1.6483991375690468],[-78.614758026831183,-1.6483992509470222],[-78.614864596215199,-1.6483995484831651],[-78.615790964700125,-1.6484055139620541],[-78.61620408682046,-1.6484103426156942],[-78.61639344362581,-1.6484062400362902],[-78.61671189276646,-1.648410954503055],[-78.617064778163439,-1.6484070488754639],[-78.617374367304564,-1.6484077264258294],[-78.617974182799841,-1.6484083502816669],[-78.618549442886604,-1.6484058095347183],[-78.618861158808372,-1.6484191201482319],[-78.619066813693962,-1.6484387725504479],[-78.619301354251363,-1.6484907990247124],[-78.619494120475238,-1.6485395418226669],[-78.61970936657336,-1.6486012470399094],[-78.61990533058767,-1.6486629299529119],[-78.620171958555574,-1.6487570372383218],[-78.620435385030433,-1.6488414395905739],[-78.620708447903397,-1.648929086927519],[-78.620923060472137,-1.6490078505224883],[-78.621341283871644,-1.6491562310674004],[-78.621614303829958,-1.6492794529267361],[-78.621903371679466,-1.6494220980929792],[-78.62212177171287,-1.6495355522775557],[-78.622452540328354,-1.6497429282353453],[-78.622722270677897,-1.6499308268115633],[-78.622947032691641,-1.6500992673255657],[-78.623283597366211,-1.6503874383499824],[-78.623208547115354,-1.6499896246263395],[-78.623131805377525,-1.6496628948689995],[-78.62305502135689,-1.6493717388060232],[-78.622994241113361,-1.6491355806325532],[-78.622920731545236,-1.6487926833368847],[-78.622856764114289,-1.6485338839733092],[-78.622773679502203,-1.6481359966185753],[-78.622850874281852,-1.6480811107552462],[-78.62295058823625,-1.6480068479309971],[-78.623014924099863,-1.6479551799974226],[-78.623101713919212,-1.6479391145515019],[-78.623236679368887,-1.6479489786802692],[-78.623336312770732,-1.6479426306543994],[-78.623471347286795,-1.6478942819071281],[-78.623571018158358,-1.6478555926789122],[-78.623693205271721,-1.6478007607665053],[-78.623815362607303,-1.6477718014283964],[-78.623953587231043,-1.6477428613693386],[-78.62414004210838,-1.6476945742719522],[-78.624233282072652,-1.6476591115618251],[-78.624328247421985,-1.6476124411249089],[-78.624409170925517,-1.6475848270063473],[-78.624476310283541,-1.6475710519657338],[-78.624569291600721,-1.647534792538853],[-78.624653644950982,-1.6475175742407029],[-78.624767247269745,-1.6475090508087771],[-78.624925426580518,-1.6474955983302479],[-78.62499704974752,-1.6474866764879712],[-78.625186791937054,-1.6474713536341432],[-78.625216880500659,-1.6474689237797824],[-78.625289487676596,-1.6474680102309418],[-78.625346169019267,-1.6474780866936172],[-78.62546252552761,-1.6474892363196696],[-78.625594815611692,-1.6474843907990322],[-78.625898260944311,-1.6474096868326793],[-78.626190763949495,-1.6473369728029581],[-78.626508201563198,-1.6472062355208081],[-78.626631582253012,-1.6471653462081501],[-78.626994758324315,-1.6470456736362769],[-78.627266406014769,-1.6469459090931293],[-78.627602719251712,-1.6468332105786652],[-78.62775133951753,-1.6467915902491148],[-78.6277414528045,-1.6466377586762904],[-78.627696821132687,-1.6462506903919647],[-78.627619877495775,-1.6458357283887146],[-78.627618597701499,-1.64582109289879],[-78.627586729509275,-1.6454566810475226],[-78.62756924274214,-1.6452911786147064],[-78.627544624114591,-1.6451754894516157],[-78.627498809446152,-1.6450419807760079],[-78.627490059134132,-1.6449654577351311],[-78.62749542018183,-1.6449174204095258],[-78.627500816975697,-1.6448391344339688],[-78.627492063652767,-1.6447643903531595],[-78.627479763031332,-1.6447003176117623],[-78.627462162653501,-1.6446309007377637],[-78.627449869538992,-1.644559711253456],[-78.627446396138538,-1.6445063255649912],[-78.627451759271963,-1.6444565092790029],[-78.627485407902881,-1.644412065531321],[-78.627510215792057,-1.6443676102996174],[-78.62752619044808,-1.6443160277433604],[-78.627531557776805,-1.6442626526291622],[-78.627540512025561,-1.6441665776614807],[-78.627489493007218,-1.6439476527002321],[-78.627445025557719,-1.6438370434951011],[-78.627417208885234,-1.64376784943953],[-78.627344949075592,-1.6435666932508455],[-78.627332703044317,-1.643456357624075],[-78.627345233637698,-1.6433264776157677],[-78.627359946077874,-1.6431859725399549],[-78.627381001730129,-1.6429848800380731],[-78.62739040533836,-1.6425080181396177],[-78.627373056846125,-1.642225076379803],[-78.62737522651824,-1.6418852175859153],[-78.627361433267112,-1.6415862658039446],[-78.627358043708313,-1.6414617054542613],[-78.627372336489856,-1.6413371662230982],[-78.627425741446288,-1.6410329568935589],[-78.627438391368415,-1.6408016526223825],[-78.627420969126391,-1.6405809889364125],[-78.627361073275694,-1.6403923040204986],[-78.627315272057601,-1.6402463400794194],[-78.627313557899512,-1.6402000741623002],[-78.627327758295209,-1.6401538272387086],[-78.627359631742806,-1.6401147190633041],[-78.627380888295221,-1.6400827158736939],[-78.627400386648219,-1.6400418130600318],[-78.627386289001848,-1.6400008710584717],[-78.627373845922648,-1.639985879659386],[-78.627280558725204,-1.6398734767571725],[-78.627334509262568,-1.6398706015074951],[-78.627734268806222,-1.6397465221440015],[-78.628001339710977,-1.6396845625502972],[-78.628072068193646,-1.6396846469125523],[-78.628436299715887,-1.639699315737488],[-78.628890695341028,-1.6397265483800927],[-78.629005632608056,-1.6397231265904291],[-78.629109975132565,-1.6397072366966727],[-78.629237314756153,-1.639682477578756],[-78.629329292657701,-1.6396558964249641],[-78.629398269278994,-1.6396417433130834],[-78.629495540973551,-1.6396240659943515],[-78.629919992540607,-1.6395533960800557],[-78.630372756936424,-1.639464966484538],[-78.630623950116188,-1.6393727377813767],[-78.630735551286421,-1.6393311752807886],[-78.630871606835939,-1.6392805057045756],[-78.631144041921829,-1.6391687290054644],[-78.631269623439522,-1.6391350700272853],[-78.631359812703636,-1.6391262807704179],[-78.631455294880752,-1.6391263944572279],[-78.63155428515249,-1.6391514232911557],[-78.63170454374395,-1.6391836308422267],[-78.631860141888751,-1.639187374924483],[-78.632058199902559,-1.6391715963648321],[-78.632321691014695,-1.6391469990092218],[-78.632574590358203,-1.6391081536343304],[-78.632700137624681,-1.6391029643229076],[-78.63288226411197,-1.6391031810437364],[-78.633059084554532,-1.6391033914347113],[-78.633235941749149,-1.6390715731598997],[-78.63341810921068,-1.6390362023335279],[-78.633577278656233,-1.6390097007863018],[-78.63369755188701,-1.6389795941118737],[-78.633782436118523,-1.6389707984094166],[-78.63387969968538,-1.6389602375500927],[-78.633959271292341,-1.6389585532116038],[-78.634029980351471,-1.6389746516575117],[-78.634146646983879,-1.639005040141251],[-78.634249183511258,-1.6390211764330653],[-78.634369415004997,-1.6390266572218712],[-78.634581602567181,-1.6390251305503207],[-78.634767253540133,-1.6390342479470732],[-78.634954651444232,-1.6390611616488153],[-78.635050107611136,-1.6390844071931439],[-78.635108416508416,-1.6391200640959864],[-78.635177336957,-1.639153954642355],[-78.635240941787657,-1.6391967355420551],[-78.635283346208553,-1.6392252558430314],[-78.63536642216468,-1.6392502656442565],[-78.635481334868089,-1.6392681964941587],[-78.635714696798203,-1.6393040614825949],[-78.635792447618684,-1.6393468592027345],[-78.635843668963744,-1.6393949641197381],[-78.635921463653617,-1.6394003944113944],[-78.636209669153359,-1.6394114135033244],[-78.636262891997021,-1.6394173135618131],[-78.636485474482456,-1.6394419901558264],[-78.636810557999695,-1.6394742406943852],[-78.637032159125454,-1.6394863674360873],[-78.637178333917419,-1.639484168228627],[-78.63727031431803,-1.6394558075678656],[-78.637397739452823,-1.6393586856797973],[-78.63769982331992,-1.6390956945783219],[-78.637879102437836,-1.6389553719624055],[-78.637937804409816,-1.6389087381086538],[-78.637941710477023,-1.6389084146116697],[-78.638005191276036,-1.6389031412957582],[-78.638111151458673,-1.6389131255808107],[-78.638115746603191,-1.6389150139666764],[-78.638308898022956,-1.6389943869238848],[-78.638396296999417,-1.639010695813083],[-78.638430767002859,-1.6390431470126043],[-78.638550146658687,-1.6393671890818251],[-78.638679200922809,-1.6395845420250192],[-78.63872220885159,-1.6396569761273248],[-78.638772822900023,-1.6396547212032058],[-78.638848771127229,-1.6396270311279064],[-78.639044355793459,-1.6395902229930814],[-78.639226102351998,-1.6395834936812241],[-78.639348023007486,-1.6395882684474299],[-78.639518237380415,-1.6396069906598227],[-78.63959642913315,-1.6396279186647742],[-78.639676941258259,-1.6396326442675271],[-78.639743684904502,-1.6396072582365169],[-78.63979663654753,-1.6395725957432916],[-78.639849656909163,-1.6394800568610317],[-78.639958036968238,-1.6392602574099884],[-78.640181499515194,-1.6389919789458913],[-78.64049237376139,-1.6387284331670413],[-78.640589561355441,-1.6386120360934466],[-78.640648964595485,-1.6385603000696232],[-78.640768690206798,-1.6385088326145796],[-78.640844171679205,-1.6384916023530176],[-78.64093850639189,-1.6384933331603846],[-78.640982566331033,-1.638509793949235],[-78.641086100880145,-1.6385578243968408],[-78.641180303918873,-1.6386574830289014],[-78.641230801502957,-1.6387547739310424],[-78.641299629631391,-1.638913146821303],[-78.641306481146941,-1.6389565618877824],[-78.641361554393299,-1.6390746934565195],[-78.6413977302294,-1.6391233527778035],[-78.641435629617732,-1.6391737497353802],[-78.641540805581414,-1.6392346436233425],[-78.64171329359587,-1.6392765185855553],[-78.641923699341248,-1.6393531647888571],[-78.642009716473709,-1.6394044866028994],[-78.642175149550553,-1.6395775395317047],[-78.642383296979673,-1.6399451053755538],[-78.642464324626516,-1.640120371515513],[-78.64252495750452,-1.6402322345383207],[-78.642559653615095,-1.6402650449310385],[-78.642597007604138,-1.6402810828919143],[-78.642855614317327,-1.640392121263446],[-78.642926671692237,-1.6404211564756481],[-78.643040530025999,-1.640489414410627],[-78.643198388556286,-1.6406436707329035],[-78.643405709096442,-1.6409818745590738],[-78.643464678906042,-1.6411286012343957],[-78.643519800142826,-1.6412058345310823],[-78.643589291754978,-1.6412418762808834],[-78.64362529977538,-1.6412605504048399],[-78.643740513775612,-1.6413203046971043],[-78.643930655244219,-1.6413483114582479],[-78.644377500305993,-1.6414053792457752],[-78.644551203185713,-1.641442003774876],[-78.644578264307512,-1.6414477099909912],[-78.644717490053367,-1.6414900147709033],[-78.64523640423316,-1.6417888215635936],[-78.645279338936319,-1.6418535324462324],[-78.645322544319129,-1.6419302653651844],[-78.645331623390533,-1.642035224531438],[-78.645325369780537,-1.6421370794108798],[-78.645279219045435,-1.6422574072269602],[-78.645239213478362,-1.6423684812924857],[-78.645171431517113,-1.6424770934740589],[-78.645097733153875,-1.6425951865459418],[-78.645029768452204,-1.6427255783973327],[-78.644897447407743,-1.6429794402266704],[-78.644881276168078,-1.6430372977121346],[-78.644871987401004,-1.6431113676757152],[-78.644885719793749,-1.6431715747748796],[-78.644892558857208,-1.6432248295052378],[-78.644901679416208,-1.6432942912560833],[-78.644913025383275,-1.6434285774181125],[-78.644935897310148,-1.6435420410817505],[-78.644984082753169,-1.6436485906094138],[-78.645066759254888,-1.6437690712755841],[-78.645245992103483,-1.6439452273345248],[-78.645416055591383,-1.6440935912519583],[-78.645501038942172,-1.6442094446387507],[-78.645560246419549,-1.6442875362989009],[-78.645589576605616,-1.6443262224834072],[-78.645691663041703,-1.6444805315173261],[-78.645760512211993,-1.6446218302324598],[-78.645794898332881,-1.6447260484215593],[-78.64582704006942,-1.6447816473656838],[-78.645935656884816,-1.644851034777661],[-78.645978545713135,-1.6448973872635149],[-78.645995677433035,-1.6449244377153038],[-78.646043672780777,-1.6450376095054116],[-78.646052251500464,-1.6451477884955032],[-78.646086657977506,-1.6452346435401037],[-78.646124526063019,-1.6453110855038011],[-78.646193429755627,-1.6454066622254013],[-78.646222456544706,-1.6454244901848347],[-78.64627274020657,-1.6454553730241537],[-78.646352073065501,-1.6454849841495638],[-78.646407266588469,-1.6455006755005654],[-78.646464182773371,-1.6455181063023003],[-78.646512467572137,-1.6455407354519542],[-78.64655900437883,-1.6455824613271772],[-78.64660033996563,-1.6456450163296004],[-78.64663820896844,-1.6457214583237814],[-78.646693306794347,-1.6458187551858625],[-78.646743263353201,-1.6458865299428125],[-78.646812217102237,-1.6459387005632602],[-78.646948662194504,-1.6460024686708972],[-78.647033709614433,-1.6460231997991643],[-78.647075918568774,-1.6460334890566115],[-78.647114194874661,-1.6460636688379227],[-78.647132953121101,-1.6460970832992974],[-78.647155346521572,-1.6461283633162469],[-78.647193296106963,-1.6461353534956447],[-78.647238174553422,-1.6461197800899203],[-78.64727619020293,-1.6460712095115044],[-78.647279669006409,-1.6460469053259112],[-78.647314222140764,-1.6460087478359648],[-78.647357368880179,-1.6459983818720334],[-78.647403953699111,-1.6459984371949512],[-78.647448999538625,-1.6460048120637552],[-78.64746642690308,-1.6460072788683846],[-78.647574703096453,-1.6460524643075189],[-78.647660931442019,-1.6460872922345196],[-78.647741977793274,-1.6461273235165381],[-78.647816147093252,-1.6461465104084487],[-78.648002482142232,-1.6461519411741685],[-78.648061131020825,-1.6461641645247411],[-78.648111122275708,-1.6462024224301068],[-78.648166273143062,-1.6462545757768761],[-78.648276614463114,-1.6463258952896722],[-78.648337662421071,-1.6463490575747806],[-78.648463971215165,-1.6463969808256396],[-78.64851113995087,-1.6464338234063478],[-78.648531795579132,-1.6464755185947253],[-78.648549770603154,-1.6465495008914748],[-78.648597195337857,-1.6466162349677007],[-78.648663576777679,-1.6466720364868697],[-78.648690274374331,-1.6466944791211717],[-78.6487816624321,-1.6467432034174665],[-78.64890756092386,-1.6467902321889065],[-78.649078506644869,-1.646814178532364],[-78.649187030231317,-1.6468270260772295],[-78.649331913779235,-1.6468688696776246],[-78.64940585017807,-1.6469121196763292],[-78.649450883476106,-1.6469384620685399],[-78.649541821629626,-1.6470078196022457],[-78.649708642120601,-1.6472267386449724],[-78.649804160049058,-1.6473035023481535],[-78.650005820525678,-1.6474825792319889],[-78.650101293599661,-1.6476535517195228],[-78.650128066433922,-1.6477014969625816],[-78.650233186393237,-1.6478110071795282],[-78.650395242003412,-1.6479223224254349],[-78.650631501773475,-1.6480233076614632],[-78.650761083846035,-1.648063896538732],[-78.650919558001917,-1.6480948374064024],[-78.650977312623723,-1.6481099089972289],[-78.651047408884352,-1.6481425185009142],[-78.651081651271397,-1.6481748992217657],[-78.651177279694082,-1.6482747638248012],[-78.651228129539177,-1.6483278667574617],[-78.651281586421234,-1.6483539742163886],[-78.651345382916375,-1.6483905120907782],[-78.651435093345938,-1.6483993002334356],[-78.651513256796292,-1.6483831660439547],[-78.651543818470103,-1.6483768574305238],[-78.65164223948409,-1.6483144681370967],[-78.651752737028772,-1.6482520931645812],[-78.651787265866261,-1.6482347708805667],[-78.651823492055257,-1.6482400224983487],[-78.651871766947309,-1.6482713333216541],[-78.651921359467195,-1.6483196410686494],[-78.651947909426056,-1.6483455023457765],[-78.652002982639317,-1.648421187618861],[-78.652058557192717,-1.6484975586934856],[-78.652110962207075,-1.6485290470841261],[-78.652166499132619,-1.6485355989226116],[-78.652259664005342,-1.6485409190300859],[-78.652461534630874,-1.6485411586274705],[-78.652688975340368,-1.6485058477455803],[-78.65293300433207,-1.6484310109260747],[-78.653032833453935,-1.6483751524863866],[-78.653170389269334,-1.648290526835259],[-78.653257880905315,-1.6482281235131122],[-78.653361565557773,-1.648091658853533],[-78.653483660594802,-1.6479482699616526],[-78.65370932275728,-1.6477679631088913],[-78.653912037613367,-1.6475390121035476],[-78.654091829007484,-1.647383007965767],[-78.65418893664976,-1.6472416259059155],[-78.654317096638934,-1.6468818490618262],[-78.654404343954297,-1.6465528741002327],[-78.654460849421767,-1.6462958488017678],[-78.65463980386005,-1.6461932241718511],[-78.654762420339551,-1.6462036528258042],[-78.655033281407782,-1.6461576969572067],[-78.655268405529739,-1.6460859900381528],[-78.655483102997565,-1.6460039745086494],[-78.655600623012347,-1.6460041135881369],[-78.655712984620678,-1.6460453813855116],[-78.655820141551715,-1.6461689117846503],[-78.65594768221446,-1.6463387438016437],[-78.656003845011696,-1.6463748033648142],[-78.656223694120143,-1.6462568007511844],[-78.656330982392973,-1.6462672120912845],[-78.656484227510362,-1.6463033856160685],[-78.656545571881537,-1.6462777494787548],[-78.656601891796967,-1.6461801211700628],[-78.656622515812273,-1.6460207478891873],[-78.656678961819111,-1.6458151403709276],[-78.656852409635462,-1.645566537666681],[-78.657234008027729,-1.6454938599952158],[-78.657515602009951,-1.6454941928847306],[-78.657815288319455,-1.6455585342249923],[-78.658169519156871,-1.6455863764581189],[-78.658351245688763,-1.6455408858669558],[-78.658505817780011,-1.6454130933383564],[-78.658633170506391,-1.6452578450346975],[-78.658869622734755,-1.6450204566161251],[-78.659160481672345,-1.6448654012883932],[-78.659406018197075,-1.6446280233738126],[-78.659579204587587,-1.6441163266938617],[-78.659624874528632,-1.643900422349782],[-78.659754612349033,-1.6436469100514406],[-78.660000133450879,-1.6434209578525958],[-78.660170517103126,-1.6433663124729336],[-78.660490892690291,-1.6432158617129988],[-78.660715784356285,-1.64315442482264],[-78.660974669997401,-1.6431547299793496],[-78.661396989382283,-1.6432169297528973],[-78.661880631372625,-1.6432723460465217],[-78.662304452330844,-1.6431822470885356],[-78.662605730597306,-1.643100497335213],[-78.662759613587312,-1.6431587747523],[-78.66281994219716,-1.6431986520121094],[-78.662829317631306,-1.6432048498075702],[-78.662890672383341,-1.6432220784676972],[-78.662980708698115,-1.6432222758064781],[-78.66299934918041,-1.643216046823474],[-78.663045932662513,-1.643216101683781],[-78.663097170140887,-1.6432192879438743],[-78.663131313013594,-1.6432349532328578],[-78.663163883674613,-1.6432662435600389],[-78.663213522568313,-1.6433100549580855],[-78.663253853493501,-1.643346041499165],[-78.663275568474504,-1.6433663810353583],[-78.663306605966071,-1.6433820435737649],[-78.663336106671011,-1.6433836403715034],[-78.663379592968568,-1.6433758785882115],[-78.663415316247864,-1.6433681085658418],[-78.663451049533009,-1.6433509616954176],[-78.663489892737289,-1.6433306934684457],[-78.663547383696738,-1.6432979471283347],[-78.663564819927089,-1.6432898726259033],[-78.663616265795781,-1.6432660476544376],[-78.663706343728208,-1.6431872210297345],[-78.663785853094666,-1.6431332663830041],[-78.663967335135041,-1.6430101145752503],[-78.664172045009749,-1.6427997571092534],[-78.664275651962143,-1.6426522175983791],[-78.664396180800438,-1.6424320767552016],[-78.66453603045602,-1.6421466016625197],[-78.664673370408138,-1.6419506878638273],[-78.664774714081219,-1.641846777408124],[-78.664816182980431,-1.6418056042874107],[-78.66485197429472,-1.6417384552725847],[-78.66488465748823,-1.6416744267158772],[-78.664889821132689,-1.6416138397563502],[-78.664924160670594,-1.6414160121928285],[-78.664991738287611,-1.6412224370811515],[-78.665061679353698,-1.6410651753496601],[-78.665107445223384,-1.6410119745093272],[-78.665251894183456,-1.640908054913264],[-78.665283505774525,-1.6408710293211941],[-78.665338609049513,-1.6408064873862109],[-78.665389228263749,-1.6407169824927994],[-78.665449455584479,-1.6406677525689828],[-78.665575588304691,-1.6405646556818219],[-78.665670988760496,-1.6404413551212165],[-78.66567847178932,-1.6404101408079368],[-78.665679846845421,-1.6403514630608429],[-78.665674487671566,-1.6403235494261987],[-78.665677123279224,-1.6402754993189197],[-78.665697692984466,-1.6402307869331332],[-78.665794007803086,-1.6401485972234564],[-78.665869560065119,-1.640105455395084],[-78.665933617372417,-1.6400688782507422],[-78.665987920826581,-1.6400487554561398],[-78.666021126138816,-1.6400309428451691],[-78.666125525524834,-1.6399557620132232],[-78.666164838757382,-1.6399127683545855],[-78.666229816118658,-1.6397884267496354],[-78.666280442753106,-1.6396916592546715],[-78.666376880042975,-1.6395029593471864],[-78.6664231886636,-1.6394285916539058],[-78.666500651914561,-1.6393386209213539],[-78.666639385817248,-1.6392369921338459],[-78.666716377990653,-1.639222558358514],[-78.666781361691861,-1.6391911655748816],[-78.666836747137495,-1.6391403957774444],[-78.666853602086903,-1.6391122017344508],[-78.666867830735768,-1.6390883997132581],[-78.666886956098082,-1.6390218230476699],[-78.6668898269793,-1.6390024796456306],[-78.666902930852316,-1.6389291278919449],[-78.666906188746367,-1.6388548335021162],[-78.666897662741334,-1.6388139975010512],[-78.666878091290002,-1.6387507147223881],[-78.666865202481418,-1.6386910882040955],[-78.666869847382429,-1.638647003411458],[-78.666892725900809,-1.6385764419194906],[-78.666915403279091,-1.6385345197715346],[-78.666921574268713,-1.6385231125750177],[-78.666927237536612,-1.6385126431041714],[-78.666948477920371,-1.6384867801072416],[-78.666996292967127,-1.6384627914575132],[-78.667068464575564,-1.6384556144681584],[-78.667130995891071,-1.6384653701943308],[-78.667294510234228,-1.6385163957321243],[-78.667436407638007,-1.638538348646853],[-78.667520612977611,-1.6385263440812037],[-78.66760595777906,-1.6384984490428276],[-78.667644930099513,-1.6384907278021772],[-78.667674384558396,-1.6384919474271809],[-78.667714537036971,-1.63850380305256],[-78.667746736268796,-1.6385193465972376],[-78.66783570524538,-1.6385484990574419],[-78.667967997032733,-1.6385559165893668],[-78.668088308236364,-1.6385245885374244],[-78.668220645758439,-1.6384932745638605],[-78.668338516847612,-1.6384909918331783],[-78.668419617307862,-1.6385150755322575],[-78.668473161093786,-1.6385444052335327],[-78.668610375846001,-1.6385935259751407],[-78.668663115183236,-1.6386124066357173],[-78.668838600961209,-1.6387118601406934],[-78.668908342741204,-1.6387264659529512],[-78.668961262861515,-1.6387265279482692],[-78.669028635426642,-1.638709662830298],[-78.669076778802904,-1.6386806710045523],[-78.669139405420765,-1.6386081229018086],[-78.669141633940256,-1.6386051405978836],[-78.669175543972173,-1.6385597521269015],[-78.669228534088191,-1.6384992969048497],[-78.669286293457162,-1.6384751570927927],[-78.669348836080133,-1.6384752303374972],[-78.669413775033121,-1.6384825688956914],[-78.669601344147523,-1.6385336224992404],[-78.669772082317863,-1.638577395687238],[-78.669900702215301,-1.6386452908636768],[-78.670001370006389,-1.6387255666595852],[-78.670061907570457,-1.6387428256723107],[-78.670131765823172,-1.6387585335343733],[-78.670231141144029,-1.6387602119555058],[-78.670274615755048,-1.6387633887940134],[-78.670316646545743,-1.6387450394557379],[-78.670356431387262,-1.6387354243789589],[-78.670404538410395,-1.6387379015392187],[-78.670422007554677,-1.6387487479649234],[-78.670462461858406,-1.6387979858910375],[-78.670479523010187,-1.6388151939979003],[-78.670495047273732,-1.6388183372060547],[-78.6705136913845,-1.6388089839353781],[-78.67054011207982,-1.6387887007974813],[-78.670587716338744,-1.6387178986422004],[-78.670606986001346,-1.638698148608875],[-78.670635190870854,-1.6386217688260403],[-78.67064765366645,-1.6385977856548082],[-78.670674163396015,-1.6385587569339772],[-78.670695693727822,-1.6385439569844302],[-78.670712728184768,-1.6385430747580598],[-78.670745644835876,-1.6385519776411042],[-78.670817835641628,-1.6386060717910245],[-78.670925237085171,-1.6387578994902423],[-78.671007413126944,-1.6388626901894152],[-78.671064081586962,-1.6389446320525298],[-78.671083354899523,-1.6389877867734042],[-78.671109712385913,-1.6390221948109529],[-78.671134526664915,-1.6390472250362853],[-78.671162459874054,-1.6390628838104131],[-78.671190402124452,-1.639069167492291],[-78.67122612005609,-1.6390660833649242],[-78.671261836180832,-1.6390645631078589],[-78.671282009980473,-1.6390739618260208],[-78.671292861259843,-1.6390896006048776],[-78.671300597201906,-1.6391146117449358],[-78.671298952832345,-1.6391943022699367],[-78.67128638402491,-1.6393208573318223],[-78.671286353314798,-1.6393474214455435],[-78.671294093774648,-1.6393677445883257],[-78.67133132783357,-1.6393959152999236],[-78.671380986193313,-1.6394225375887963],[-78.671402715849084,-1.6394303760677793],[-78.671490094594901,-1.6394304828843027],[-78.671534397670612,-1.6394226222728594],[-78.671572837441516,-1.6394001176627409],[-78.671610812153943,-1.6393696186714324],[-78.671652205855807,-1.6393071854025387],[-78.671686094362499,-1.6392283814290289],[-78.671763222962014,-1.6390953336152931],[-78.67183550851577,-1.6389913283953075],[-78.671898106313449,-1.6389429875458161],[-78.671975104318491,-1.6389237118212023],[-78.67199933468126,-1.6389231308949075],[-78.672157940732902,-1.6389343530843423],[-78.672198312723751,-1.6389344003197768],[-78.6722293712197,-1.6389328745914631],[-78.672272873886783,-1.6389110484228655],[-78.672324145917315,-1.6388845442380102],[-78.672392511630264,-1.6388471219652874],[-78.672469008140027,-1.6387915248620506],[-78.672545337586627,-1.638744463778816],[-78.672662351056374,-1.6386847313594246],[-78.672819761769432,-1.6386366378246964],[-78.672977460958151,-1.6385752200262842],[-78.673035458492478,-1.6385526324457242],[-78.673067638205239,-1.638540099409078],[-78.673107695163949,-1.6385352611700275],[-78.673164427982755,-1.6385382780759763],[-78.673272051111624,-1.6385863317198996],[-78.673308637432456,-1.6386154092463887],[-78.673365308118179,-1.6386559120844819],[-78.673426835476107,-1.638699884632409],[-78.67346098767419,-1.6387077376137364],[-78.673496701145723,-1.6387077793695368],[-78.673524664189998,-1.6386968739727243],[-78.673549529954016,-1.6386781519029168],[-78.673565436041841,-1.6386299308069747],[-78.673571629595855,-1.6385904117650725],[-78.673571087963836,-1.6385763706007452],[-78.673555007630981,-1.6385335305328841],[-78.673548754249595,-1.6385237169078553],[-78.673507967402799,-1.6384316835028858],[-78.673508034464504,-1.6383735869539928],[-78.673518354661539,-1.6383333911396063],[-78.673522284406388,-1.6383180824064469],[-78.673539663601417,-1.6382784932731549],[-78.673580358155846,-1.6382356915454825],[-78.673630405371625,-1.6382181297693823],[-78.673653583584354,-1.6382099957772935],[-78.673711204892257,-1.6382043979127032],[-78.673781276883119,-1.6382094281624273],[-78.673813717919586,-1.6382117576510533],[-78.673914692273243,-1.6382602889214062],[-78.674058892679881,-1.6383718099515057],[-78.674116346182572,-1.6383839813167382],[-78.674162303419493,-1.638393716593997],[-78.674224849051342,-1.6383913688404832],[-78.674309118994429,-1.6383236881796954],[-78.674338076954058,-1.638243838654966],[-78.674339606112483,-1.6381766561197566],[-78.674348002811044,-1.6381156376773154],[-78.674393670998853,-1.6380115169554492],[-78.674458764668017,-1.6378857171887629],[-78.674485187907877,-1.6378429873224485],[-78.674631198015064,-1.6377111241621922],[-78.674738102420491,-1.6376246075092609],[-78.674971655826269,-1.6374725432122523],[-78.675009321553787,-1.6374310784472126],[-78.6750221205684,-1.6373686567138634],[-78.675019472537116,-1.6373163242950204],[-78.675007974747899,-1.6372279282950548],[-78.674998526387114,-1.6371048771766794],[-78.67499849452679,-1.6371044622147886],[-78.675010638974314,-1.6370028062790647],[-78.67501847195031,-1.6369172107600651],[-78.675041404456323,-1.6368681715482054],[-78.675056522731907,-1.6368479356233419],[-78.675148072713995,-1.6367245865356836],[-78.675171189392856,-1.6366412172521945],[-78.675171496268263,-1.6365861609828753],[-78.675178909694338,-1.6363064271830081],[-78.675173104162027,-1.6358773719433173],[-78.675170245330747,-1.6358528094026661],[-78.675164706220727,-1.6357274224451923],[-78.675161701472362,-1.6356532757749551],[-78.675158502361981,-1.6355817531192125],[-78.675164692217479,-1.635567186444352],[-78.675187932890807,-1.6355336498384909],[-78.675194650751905,-1.6355270505149115],[-78.675250436154201,-1.6354564915692829],[-78.675278420742899,-1.6354268349289551],[-78.675289318881283,-1.6354018454790311],[-78.675298665667782,-1.6353752921501317],[-78.675309597983855,-1.6353206143728094],[-78.675309651053382,-1.6352737360684197],[-78.675306627499722,-1.6352034149942334],[-78.675294247268724,-1.6351674612043903],[-78.675284366596614,-1.6351373129481541],[-78.67525988669432,-1.6351010476464969],[-78.675212533629377,-1.6350592215439683],[-78.675157308052619,-1.6349720121199547],[-78.675153698988694,-1.6349553774757537],[-78.675146218165864,-1.6349208884184359],[-78.675135772526247,-1.6348727377399985],[-78.675145470270692,-1.6348073907120106],[-78.675151534114022,-1.6347961550366379],[-78.675176808521186,-1.6347493305406764],[-78.675299579469097,-1.6346695902094419],[-78.67546912025864,-1.6345717733153982],[-78.675495376367778,-1.6345539413497923],[-78.675559697499182,-1.6345261431082674],[-78.675612135139843,-1.634506110632145],[-78.675648359363734,-1.6344760124758639],[-78.67567594661493,-1.6344294030800013],[-78.67568676788342,-1.6344204563825881],[-78.675733327511921,-1.6343844338521591],[-78.675770779589456,-1.6343731741679886],[-78.675828185932758,-1.6343732410426686],[-78.675926752877288,-1.6343921938187302],[-78.676081497233483,-1.6343948862216784],[-78.676176355676475,-1.6343836933935632],[-78.676289939445383,-1.634367499876739],[-78.676391033957941,-1.6343304488241313],[-78.676519646751302,-1.6342473893858085],[-78.676637632389642,-1.6341458574468495],[-78.676767689803015,-1.6340056077591012],[-78.676897777801898,-1.6338387314408438],[-78.677022983076,-1.6337347869705876],[-78.677309478155351,-1.6335245190878831],[-78.677404187859025,-1.633434835448623],[-78.677406557637397,-1.6334261690667609],[-78.677435330297811,-1.6333993562340856],[-78.677454632851493,-1.6333485444491198],[-78.67744990501339,-1.633275917957846],[-78.677397629266977,-1.6331925538593839],[-78.677317558874506,-1.6331197900094174],[-78.677217422366795,-1.6330525071370174],[-78.677195009926649,-1.6330149533710372],[-78.677175538425686,-1.6328562493429608],[-78.677182804465048,-1.6328126852080618],[-78.677220353656253,-1.6327684810239278],[-78.677281543013336,-1.6327135515258346],[-78.67730330120682,-1.6326191690997405],[-78.677298608576919,-1.6325150734152891],[-78.677298890199367,-1.6322705832480515],[-78.677308651676086,-1.6321495593222528],[-78.677341264706712,-1.6320638812419039],[-78.677453191675369,-1.6319657535763643],[-78.677497836928936,-1.6319125277772393],[-78.677568813091412,-1.6318279085262575],[-78.677689843512368,-1.6317124232792601],[-78.677757293882493,-1.6316277763992666],[-78.677769410912589,-1.6315503286727207],[-78.677764719079647,-1.6314462329583961],[-78.677771799506885,-1.6313851006866096],[-78.677776209660678,-1.6313706358472284],[-78.677834057816284,-1.6312690336379061],[-78.677897362836532,-1.6311465170107835],[-78.677969063968703,-1.6310077548018478],[-78.678077513668583,-1.6308311694468665],[-78.678118565791422,-1.6306932367156666],[-78.678119842181616,-1.6306494386830725],[-78.678123572308721,-1.6305213729146522],[-78.678092396180233,-1.6304390331899494],[-78.678056981605792,-1.6304008279560769],[-78.678028377494741,-1.630376296960198],[-78.678019665668927,-1.6303560702960214],[-78.678019684813975,-1.6303393702402573],[-78.678028436946462,-1.6303244376549664],[-78.678040210274531,-1.6303147878047624],[-78.678080098402319,-1.6302847777664882],[-78.678108001030665,-1.6302637854509066],[-78.678159999948932,-1.6302212476833444],[-78.678209058285816,-1.6301485480007931],[-78.678219023180432,-1.6301296375101495],[-78.678282923996193,-1.6300083689652731],[-78.678331177235293,-1.6298825478971364],[-78.678422827056792,-1.6296720527740975],[-78.678576991859984,-1.629485837760285],[-78.678697426043271,-1.6293455761538211],[-78.678724978940238,-1.6292958034536271],[-78.678746186438801,-1.6292278552448485],[-78.678748204928397,-1.6291156685108041],[-78.678738710825769,-1.6290043055093715],[-78.678767737338049,-1.6288639378475296],[-78.678881021949152,-1.6286655710133555],[-78.678970127342026,-1.6285761090780302],[-78.679095306150359,-1.6284939496921325],[-78.679169278275353,-1.6284426777226968],[-78.67920463103637,-1.6284093691353423],[-78.679266317534953,-1.6283004913689014],[-78.679338562235003,-1.6282303748525098],[-78.679405967975683,-1.6281844594497301],[-78.679538333179792,-1.6281289367928484],[-78.679771875284231,-1.6279452332741504],[-78.679928342948671,-1.6278485866542642],[-78.680320970489788,-1.6273818442945303],[-78.680610048612238,-1.627014231437643],[-78.680677538187268,-1.6268956948272335],[-78.68069479641224,-1.6268601504514755],[-78.680723350322694,-1.6268013407782056],[-78.680771600368388,-1.6266779401719784],[-78.68086556108922,-1.6265497516276068],[-78.681101538948411,-1.6263394227164771],[-78.681380793294878,-1.6261485097009898],[-78.681679200570912,-1.6260375015946629],[-78.681818759589817,-1.6260013527706332],[-78.68182602409037,-1.6260013611681627],[-78.681989549471851,-1.6260015501913012],[-78.682090790928655,-1.6259865761697079],[-78.682129824137618,-1.6259743361960035],[-78.682172119008214,-1.625941673656826],[-78.682266234038835,-1.6258781232430985],[-78.682297899215612,-1.6258526911001085],[-78.68230804769108,-1.6258310543110011],[-78.682308528157691,-1.625792586894401],[-78.682309941640852,-1.6257614771464775],[-78.682292999203284,-1.6256872082546481],[-78.682240211498652,-1.6255709532685574],[-78.682238704646537,-1.6254973051710941],[-78.682238155837084,-1.6254704924866499],[-78.682244077836515,-1.6254496354675667],[-78.682255749414082,-1.6254307096647385],[-78.682276659695773,-1.6254064981155674],[-78.682339045953412,-1.6253870930335472],[-78.682411207616752,-1.6253895972577916],[-78.682514635164353,-1.6253969793164491],[-78.682606076882095,-1.6253680364424421],[-78.682629811904377,-1.6253402348235282],[-78.682630137602501,-1.6253185188792534],[-78.682622998232731,-1.6252954347258461],[-78.68258457896151,-1.625234872480549],[-78.682525355087108,-1.6251452512645175],[-78.682503056439671,-1.6250864197832635],[-78.682486255326452,-1.6249709015295464],[-78.682495485875478,-1.6248829657555728],[-78.682503277893403,-1.6248087335644217],[-78.682582915881767,-1.6245836991657201],[-78.682765928915302,-1.6244120393668884],[-78.682864663828767,-1.6243153252744289],[-78.682924894792819,-1.6242330909802469],[-78.682994708751551,-1.6241847570659047],[-78.683105402834727,-1.6241485737179437],[-78.683276296631533,-1.6240567836463831],[-78.683437574318134,-1.6239601416259253],[-78.683586855077891,-1.6238368571627886],[-78.683776981985915,-1.6237547726098873],[-78.683926174513303,-1.6237089510224314],[-78.683998412491349,-1.6236436746793252],[-78.684032189663654,-1.6235565680273529],[-78.684073137825266,-1.6235082016223632],[-78.684135708207734,-1.6234840660531447],[-78.684181426288617,-1.6234720153601012],[-78.684383765571766,-1.6234538029035359],[-78.684527834979292,-1.6234554696028707],[-78.684722679502386,-1.6234556942124301],[-78.684818897610398,-1.6234558051221379],[-78.684960836520574,-1.6234438653119643],[-78.685078732888925,-1.6234197943655329],[-78.685165669959289,-1.6233345369620176],[-78.685182284514283,-1.6233182437530576],[-78.685230509268678,-1.6232166284643057],[-78.685209086217029,-1.6230181055935931],[-78.685206081921891,-1.6229797633497687],[-78.685199763420954,-1.6228991272000364],[-78.685199600487763,-1.6228970587014138],[-78.685218895116066,-1.6228535080914388],[-78.685310382717262,-1.6227834129480176],[-78.6853970305594,-1.622739939915294],[-78.685473538910983,-1.622741861317516],[-78.685498058090019,-1.6227424771478398],[-78.685623193369054,-1.6226990475221799],[-78.685659330226855,-1.6226506754638019],[-78.685681079126326,-1.6225635548049351],[-78.685688477924259,-1.6225173553633623],[-78.685710151366138,-1.6223820342733868],[-78.685763297371437,-1.6221835962998981],[-78.685852531533186,-1.6219803590253543],[-78.685898425699463,-1.6218133821044451],[-78.685958719723743,-1.6216754712217762],[-78.686047808004218,-1.6216005314389537],[-78.686233098789586,-1.6215402266251746],[-78.686336349519806,-1.6215444205775869],[-78.686376369925995,-1.6215606433951484],[-78.686439893627693,-1.6216082442831339],[-78.686483175826922,-1.6216228183737686],[-78.686536086060428,-1.6216325627131856],[-78.686639519255507,-1.6216351016747523],[-78.686660899524185,-1.621632793995861],[-78.686839199013178,-1.6216135453975113],[-78.686978760785152,-1.6215749747784223],[-78.687046197425389,-1.6215024299498608],[-78.687077565092409,-1.621417741101449],[-78.687068004887678,-1.6213620537780691],[-78.687024811536233,-1.621270016578062],[-78.686962426241806,-1.6211319644560322],[-78.686964916997923,-1.6210941844391655],[-78.686969768683738,-1.6210206193465595],[-78.686996297565855,-1.6209601317915396],[-78.687082993912455,-1.6208730856799916],[-78.687114710864464,-1.62086207818124],[-78.687203273890589,-1.6208683822285077],[-78.687220636990432,-1.6208700203200412],[-78.687333156278257,-1.6208806358809753],[-78.687407734677251,-1.6208734590109122],[-78.687496751479728,-1.6208614579025042],[-78.687602653535663,-1.6208083232480381],[-78.68766767349419,-1.620745459928483],[-78.68772312770426,-1.6206317491817566],[-78.68773284913074,-1.6205446145191509],[-78.687708879739972,-1.6204695445786053],[-78.687703556638297,-1.6204622424096362],[-78.687648835878278,-1.620387171487411],[-78.687632685559009,-1.6203300419563482],[-78.687632711499589,-1.6203071793365089],[-78.687653833912222,-1.6202225681393188],[-78.687714053545662,-1.6201500158004478],[-78.687783878333221,-1.6200919987942553],[-78.687846437689061,-1.6200775463548605],[-78.687905872528617,-1.6200791477871535],[-78.687970952020152,-1.6200936347595651],[-78.688017185720938,-1.6201140528168398],[-78.68810376942686,-1.6201262566188623],[-78.6881067885965,-1.6201262600868935],[-78.688166312322181,-1.620126328459119],[-78.688250506878546,-1.6201240042974283],[-78.68834913160299,-1.6201241175750463],[-78.688404455757961,-1.6201266019861684],[-78.688471806293379,-1.6201290993042106],[-78.688556013695191,-1.6201146716995225],[-78.68859212202598,-1.6200929271473719],[-78.688635480251421,-1.6200397214189382],[-78.688712569514465,-1.6199405596971312],[-78.688912468892184,-1.6197253453194629],[-78.688963096137954,-1.619626153174849],[-78.689059395717962,-1.6195560629867694],[-78.689143625966679,-1.6195222701855443],[-78.68919454205961,-1.6194947552836807],[-78.689206723172219,-1.6194803018936461],[-78.689208656825784,-1.6194497223127311],[-78.689196750247859,-1.619343197563744],[-78.689170937039094,-1.6192478563237434],[-78.689145255326238,-1.6191530006774337],[-78.689141740778723,-1.6190582256119406],[-78.689151450921756,-1.618984878403124]]]},"properties":{"FID":0,"dpa_parroq":"060150","dpa_despar":"RIOBAMBA","dpa_canton":"0601","dpa_descan":"RIOBAMBA","dpa_provin":"06","dpa_despro":"CHIMBORAZO","dpa_anio":"2023","txt":"CABECERA CANTONAL","fcode":"HA004","Shape_Leng":58814.338763300002,"Shape_Area":61954895.680399999}}]}